SaleID,SaleDate,ProductGroupID,ProductGroupName,ProductID,ProductName,DosageForm,Indication,StandardUnitPrice,SalesDeptID,SalesDeptName,SalesRegion,ManagerName,CustomerID,CustomerName,CustomerType,CustomerRegion,CreditGrade,SalesType,SalesChannel,Quantity,UnitPrice,DiscountRate,SaleAmount,PaymentMethod,PaymentStatus
S20250001,2025-02-05,PG01,순환기계,P001,카디오프릴정 5mg,정제,고혈압,12500,D01,수도권병원1팀,수도권,김태현,C001,경기의원01,의원,경기,B,정상판매,병원영업,47,12500,0.03,569875,계좌이체,결제완료
S20250002,2025-08-09,PG01,순환기계,P002,카디오프릴정 10mg,정제,고혈압,16800,D02,수도권병원2팀,수도권,박서연,C002,경남의원02,의원,경남,B,정상판매,도매,98,16800,0.05,1564080,외상거래,결제완료
S20250003,2025-08-15,PG01,순환기계,P003,리피다운정 10mg,정제,고지혈증,21400,D03,영남영업팀,영남,이준호,C003,대전병원03,병원,대전,B,정상판매,병원영업,55,21400,0.0,1177000,계좌이체,부분결제
S20250004,2025-02-09,PG01,순환기계,P004,리피다운정 20mg,정제,고지혈증,28600,D04,호남영업팀,호남,최유진,C004,울산의약품유통04,의약품도매상,울산,B,정상판매,병원영업,34,28600,0.03,943228,계좌이체,결제완료
S20250005,2025-11-04,PG01,순환기계,P005,베타가드정,정제,협심증,19200,D05,충청영업팀,충청,정민수,C005,광주의원05,의원,광주,A,정상판매,병원영업,28,19200,0.0,537600,외상거래,결제완료
S20250006,2025-03-17,PG02,소화기계,P006,가스트론정,정제,위염,9800,D06,강원영업팀,강원,한지우,C006,광주약국06,약국,광주,B,정상판매,온라인,70,9800,0.0,686000,외상거래,부분결제
S20250007,2025-04-05,PG02,소화기계,P007,가스트론캡슐,캡슐,역류성 식도염,14300,D07,온라인사업팀,전국,오세진,C007,충남의약품유통07,의약품도매상,충남,C,정상판매,병원영업,119,14300,0.0,1701700,계좌이체,결제완료
S20250008,2025-04-16,PG02,소화기계,P008,모티리움정,정제,소화불량,8700,D01,수도권병원1팀,수도권,김태현,C008,부산의원08,의원,부산,C,정상판매,병원영업,45,8700,0.05,371925,계좌이체,부분결제
S20250009,2025-07-30,PG02,소화기계,P009,울세이프정,정제,위궤양,17600,D04,호남영업팀,호남,최유진,C009,광주의원09,의원,광주,A,정상판매,도매,102,17600,0.03,1741344,계좌이체,결제완료
S20250010,2025-06-25,PG02,소화기계,P010,프로바이오캡슐,캡슐,장내균총 개선,22100,D06,강원영업팀,강원,한지우,C010,전남병원10,병원,전남,B,정상판매,온라인,14,22100,0.03,300118,법인카드,결제완료
S20250011,2025-08-04,PG03,호흡기계,P011,브레스온흡입액,흡입액,천식,35400,D02,수도권병원2팀,수도권,박서연,C011,대전의원11,의원,대전,A,정상판매,병원영업,87,35400,0.03,2987406,계좌이체,결제완료
S20250012,2025-05-16,PG03,호흡기계,P012,알레르컷정,정제,알레르기 비염,11600,D03,영남영업팀,영남,이준호,C012,서울의약품유통12,의약품도매상,서울,A,정상판매,병원영업,74,11600,0.05,815480,법인카드,결제완료
S20250013,2025-01-11,PG03,호흡기계,P013,코프릴시럽,시럽,기침,7900,D05,충청영업팀,충청,정민수,C013,전북의원13,의원,전북,C,정상판매,병원영업,84,7900,0.03,643692,법인카드,미결제
S20250014,2025-04-30,PG03,호흡기계,P014,몬테케어정,정제,천식,24800,D06,강원영업팀,강원,한지우,C014,전북약국14,약국,전북,A,정상판매,병원영업,28,24800,0.03,673568,법인카드,결제완료
S20250015,2025-04-22,PG03,호흡기계,P015,브론코캡슐,캡슐,기관지염,18700,D01,수도권병원1팀,수도권,김태현,C015,전북메디컬센터15,종합병원,전북,B,정상판매,도매,51,18700,0.0,953700,외상거래,결제완료
S20250016,2025-12-31,PG04,감염질환,P016,세파클린캡슐,캡슐,세균성 감염,26100,D06,강원영업팀,강원,한지우,C016,서울병원16,병원,서울,C,정상판매,병원영업,53,26100,0.03,1341801,외상거래,결제완료
S20250017,2025-11-26,PG04,감염질환,P017,아목시케어정,정제,세균성 감염,22900,D07,온라인사업팀,전국,오세진,C017,부산병원17,병원,부산,C,정상판매,병원영업,24,22900,0.0,549600,법인카드,미결제
S20250018,2025-07-15,PG04,감염질환,P018,퀴놀론정,정제,요로 감염,31500,D04,호남영업팀,호남,최유진,C018,충남의약품유통18,의약품도매상,충남,B,정상판매,도매,36,31500,0.0,1134000,계좌이체,결제완료
S20250019,2025-10-23,PG04,감염질환,P019,마크로신정,정제,호흡기 감염,29800,D01,수도권병원1팀,수도권,김태현,C019,경기메디컬센터19,종합병원,경기,B,프로모션,도매,39,29800,0.15,987870,계좌이체,결제완료
S20250020,2025-08-19,PG04,감염질환,P020,인펙트주,주사제,중증 감염,48500,D04,호남영업팀,호남,최유진,C020,전남의원20,의원,전남,A,프로모션,온라인,36,48500,0.15,1484100,계좌이체,결제완료
S20250021,2025-03-07,PG05,통증·염증,P021,페인리스정,정제,급성 통증,9300,D06,강원영업팀,강원,한지우,C021,전북약국21,약국,전북,A,정상판매,온라인,87,9300,0.0,809100,계좌이체,결제완료
S20250022,2025-05-24,PG05,통증·염증,P022,이부케어정,정제,염증성 통증,10400,D06,강원영업팀,강원,한지우,C022,울산약국22,약국,울산,A,프로모션,병원영업,20,10400,0.1,187200,계좌이체,미결제
S20250023,2025-09-28,PG05,통증·염증,P023,조인트겔,겔,근육통,15800,D06,강원영업팀,강원,한지우,C023,전북메디컬센터23,종합병원,전북,B,프로모션,도매,9,15800,0.15,120870,계좌이체,결제완료
S20250024,2025-11-14,PG05,통증·염증,P024,아세트정,정제,발열·통증,7200,D01,수도권병원1팀,수도권,김태현,C024,충북약국24,약국,충북,B,정상판매,병원영업,89,7200,0.05,608760,법인카드,부분결제
S20250025,2025-08-21,PG05,통증·염증,P025,뉴로패치,패치,신경병증성 통증,27600,D03,영남영업팀,영남,이준호,C025,강원메디컬센터25,종합병원,강원,A,정상판매,병원영업,18,27600,0.05,471960,법인카드,부분결제
S20250026,2025-04-24,PG06,당뇨·대사,P026,메트로민정,정제,제2형 당뇨,13200,D04,호남영업팀,호남,최유진,C026,서울약국26,약국,서울,B,프로모션,도매,35,13200,0.2,369600,외상거래,결제완료
S20250027,2025-01-03,PG06,당뇨·대사,P027,글루코밸런스정,정제,제2형 당뇨,18400,D03,영남영업팀,영남,이준호,C027,경기병원27,병원,경기,B,정상판매,병원영업,65,18400,0.05,1136200,계좌이체,부분결제
S20250028,2025-11-25,PG06,당뇨·대사,P028,인슐로펜주,주사제,당뇨,42800,D04,호남영업팀,호남,최유진,C028,인천의약품유통28,의약품도매상,인천,B,정상판매,도매,40,42800,0.05,1626400,외상거래,결제완료
S20250029,2025-01-27,PG06,당뇨·대사,P029,대사케어정,정제,대사증후군,23600,D02,수도권병원2팀,수도권,박서연,C029,광주의원29,의원,광주,A,정상판매,병원영업,102,23600,0.0,2407200,계좌이체,부분결제
S20250030,2025-02-27,PG06,당뇨·대사,P030,글리세이프정,정제,제2형 당뇨,20700,D05,충청영업팀,충청,정민수,C030,충북병원30,병원,충북,A,병원입찰,도매,56,20700,0.18,950544,외상거래,결제완료
S20250031,2025-03-17,PG03,호흡기계,P012,알레르컷정,정제,알레르기 비염,11600,D04,호남영업팀,호남,최유진,C031,충남메디컬센터31,종합병원,충남,B,정상판매,병원영업,78,11600,0.03,877656,계좌이체,결제완료
S20250032,2025-01-07,PG04,감염질환,P018,퀴놀론정,정제,요로 감염,31500,D05,충청영업팀,충청,정민수,C032,전남의약품유통32,의약품도매상,전남,B,정상판매,도매,17,31500,0.0,535500,계좌이체,결제완료
S20250033,2025-12-05,PG01,순환기계,P005,베타가드정,정제,협심증,19200,D07,온라인사업팀,전국,오세진,C033,경기의약품유통33,의약품도매상,경기,A,정상판매,도매,78,19200,0.0,1497600,외상거래,부분결제
S20250034,2025-04-23,PG05,통증·염증,P025,뉴로패치,패치,신경병증성 통증,27600,D01,수도권병원1팀,수도권,김태현,C034,대구약국34,약국,대구,B,정상판매,도매,57,27600,0.05,1494540,계좌이체,결제완료
S20250035,2025-09-30,PG02,소화기계,P007,가스트론캡슐,캡슐,역류성 식도염,14300,D06,강원영업팀,강원,한지우,C035,충북병원35,병원,충북,A,정상판매,병원영업,21,14300,0.03,291291,외상거래,결제완료
S20250036,2025-09-07,PG05,통증·염증,P025,뉴로패치,패치,신경병증성 통증,27600,D06,강원영업팀,강원,한지우,C036,강원의원36,의원,강원,A,정상판매,도매,22,27600,0.0,607200,계좌이체,결제완료
S20250037,2025-01-17,PG06,당뇨·대사,P029,대사케어정,정제,대사증후군,23600,D06,강원영업팀,강원,한지우,C037,경남병원37,병원,경남,A,정상판매,도매,5,23600,0.03,114460,계좌이체,결제완료
S20250038,2025-10-04,PG02,소화기계,P006,가스트론정,정제,위염,9800,D07,온라인사업팀,전국,오세진,C038,광주병원38,병원,광주,B,정상판매,도매,75,9800,0.05,698250,법인카드,결제완료
S20250039,2025-04-01,PG01,순환기계,P001,카디오프릴정 5mg,정제,고혈압,12500,D05,충청영업팀,충청,정민수,C039,인천의원39,의원,인천,A,정상판매,온라인,52,12500,0.0,650000,외상거래,결제완료
S20250040,2025-09-22,PG02,소화기계,P006,가스트론정,정제,위염,9800,D03,영남영업팀,영남,이준호,C040,울산의약품유통40,의약품도매상,울산,B,정상판매,병원영업,56,9800,0.03,532336,계좌이체,미결제
S20250041,2025-03-04,PG01,순환기계,P003,리피다운정 10mg,정제,고지혈증,21400,D01,수도권병원1팀,수도권,김태현,C041,대구의원41,의원,대구,C,정상판매,병원영업,88,21400,0.03,1826704,계좌이체,결제완료
S20250042,2025-10-19,PG04,감염질환,P018,퀴놀론정,정제,요로 감염,31500,D02,수도권병원2팀,수도권,박서연,C042,울산약국42,약국,울산,A,정상판매,병원영업,73,31500,0.05,2184525,법인카드,결제완료
S20250043,2025-03-09,PG02,소화기계,P008,모티리움정,정제,소화불량,8700,D05,충청영업팀,충청,정민수,C043,인천의원43,의원,인천,B,정상판매,도매,91,8700,0.03,767949,외상거래,미결제
S20250044,2025-09-19,PG03,호흡기계,P011,브레스온흡입액,흡입액,천식,35400,D06,강원영업팀,강원,한지우,C044,인천약국44,약국,인천,A,정상판매,온라인,70,35400,0.03,2403660,법인카드,결제완료
S20250045,2025-12-21,PG06,당뇨·대사,P026,메트로민정,정제,제2형 당뇨,13200,D04,호남영업팀,호남,최유진,C045,경남약국45,약국,경남,A,정상판매,병원영업,72,13200,0.05,902880,외상거래,결제완료
S20250046,2025-06-14,PG01,순환기계,P004,리피다운정 20mg,정제,고지혈증,28600,D07,온라인사업팀,전국,오세진,C046,광주의약품유통46,의약품도매상,광주,B,정상판매,도매,112,28600,0.05,3043040,계좌이체,결제완료
S20250047,2025-10-14,PG06,당뇨·대사,P027,글루코밸런스정,정제,제2형 당뇨,18400,D02,수도권병원2팀,수도권,박서연,C047,강원메디컬센터47,종합병원,강원,A,병원입찰,병원영업,79,18400,0.08,1337312,외상거래,부분결제
S20250048,2025-08-02,PG02,소화기계,P009,울세이프정,정제,위궤양,17600,D07,온라인사업팀,전국,오세진,C048,서울약국48,약국,서울,B,프로모션,병원영업,55,17600,0.15,822800,외상거래,결제완료
S20250049,2025-08-28,PG03,호흡기계,P013,코프릴시럽,시럽,기침,7900,D01,수도권병원1팀,수도권,김태현,C049,경남약국49,약국,경남,B,정상판매,도매,104,7900,0.0,821600,법인카드,결제완료
S20250050,2025-06-27,PG02,소화기계,P006,가스트론정,정제,위염,9800,D07,온라인사업팀,전국,오세진,C050,경남메디컬센터50,종합병원,경남,B,프로모션,병원영업,92,9800,0.1,811440,계좌이체,미결제
S20250051,2025-09-02,PG02,소화기계,P006,가스트론정,정제,위염,9800,D02,수도권병원2팀,수도권,박서연,C007,충남의약품유통07,의약품도매상,충남,C,정상판매,병원영업,97,9800,0.03,922082,외상거래,결제완료
S20250052,2025-05-26,PG06,당뇨·대사,P026,메트로민정,정제,제2형 당뇨,13200,D01,수도권병원1팀,수도권,김태현,C047,강원메디컬센터47,종합병원,강원,A,정상판매,병원영업,23,13200,0.0,303600,계좌이체,미결제
S20250053,2025-03-03,PG05,통증·염증,P022,이부케어정,정제,염증성 통증,10400,D06,강원영업팀,강원,한지우,C007,충남의약품유통07,의약품도매상,충남,C,병원입찰,온라인,44,10400,0.12,402688,외상거래,미결제
S20250054,2025-11-22,PG03,호흡기계,P012,알레르컷정,정제,알레르기 비염,11600,D05,충청영업팀,충청,정민수,C014,전북약국14,약국,전북,A,정상판매,병원영업,21,11600,0.05,231420,계좌이체,미결제
S20250055,2025-12-28,PG04,감염질환,P020,인펙트주,주사제,중증 감염,48500,D07,온라인사업팀,전국,오세진,C034,대구약국34,약국,대구,B,프로모션,온라인,89,48500,0.2,3453200,법인카드,결제완료
S20250056,2025-07-18,PG06,당뇨·대사,P030,글리세이프정,정제,제2형 당뇨,20700,D01,수도권병원1팀,수도권,김태현,C012,서울의약품유통12,의약품도매상,서울,A,정상판매,온라인,63,20700,0.0,1304100,법인카드,결제완료
S20250057,2025-04-14,PG06,당뇨·대사,P029,대사케어정,정제,대사증후군,23600,D05,충청영업팀,충청,정민수,C025,강원메디컬센터25,종합병원,강원,A,프로모션,병원영업,37,23600,0.2,698560,법인카드,미결제
S20250058,2025-04-03,PG05,통증·염증,P022,이부케어정,정제,염증성 통증,10400,D01,수도권병원1팀,수도권,김태현,C019,경기메디컬센터19,종합병원,경기,B,정상판매,온라인,77,10400,0.05,760760,법인카드,결제완료
S20250059,2025-04-08,PG04,감염질환,P019,마크로신정,정제,호흡기 감염,29800,D01,수도권병원1팀,수도권,김태현,C045,경남약국45,약국,경남,A,반품,병원영업,-18,29800,0.0,-536400,외상거래,결제완료
S20250060,2025-05-13,PG01,순환기계,P003,리피다운정 10mg,정제,고지혈증,21400,D07,온라인사업팀,전국,오세진,C034,대구약국34,약국,대구,B,병원입찰,도매,92,21400,0.08,1811296,외상거래,결제완료
S20250061,2025-05-27,PG03,호흡기계,P014,몬테케어정,정제,천식,24800,D04,호남영업팀,호남,최유진,C033,경기의약품유통33,의약품도매상,경기,A,정상판매,온라인,91,24800,0.0,2256800,계좌이체,결제완료
S20250062,2025-10-17,PG04,감염질환,P020,인펙트주,주사제,중증 감염,48500,D05,충청영업팀,충청,정민수,C031,충남메디컬센터31,종합병원,충남,B,정상판매,도매,99,48500,0.03,4657455,외상거래,결제완료
S20250063,2025-05-25,PG04,감염질환,P017,아목시케어정,정제,세균성 감염,22900,D04,호남영업팀,호남,최유진,C005,광주의원05,의원,광주,A,정상판매,도매,38,22900,0.0,870200,외상거래,결제완료
S20250064,2025-08-31,PG01,순환기계,P003,리피다운정 10mg,정제,고지혈증,21400,D02,수도권병원2팀,수도권,박서연,C006,광주약국06,약국,광주,B,정상판매,병원영업,22,21400,0.05,447260,외상거래,결제완료
S20250065,2025-04-05,PG04,감염질환,P019,마크로신정,정제,호흡기 감염,29800,D03,영남영업팀,영남,이준호,C012,서울의약품유통12,의약품도매상,서울,A,정상판매,온라인,111,29800,0.0,3307800,계좌이체,결제완료
S20250066,2025-05-11,PG01,순환기계,P005,베타가드정,정제,협심증,19200,D03,영남영업팀,영남,이준호,C003,대전병원03,병원,대전,B,병원입찰,병원영업,53,19200,0.08,936192,법인카드,결제완료
S20250067,2025-04-23,PG05,통증·염증,P024,아세트정,정제,발열·통증,7200,D07,온라인사업팀,전국,오세진,C021,전북약국21,약국,전북,A,정상판매,병원영업,120,7200,0.05,820800,계좌이체,결제완료
S20250068,2025-06-06,PG05,통증·염증,P025,뉴로패치,패치,신경병증성 통증,27600,D03,영남영업팀,영남,이준호,C034,대구약국34,약국,대구,B,정상판매,병원영업,25,27600,0.0,690000,외상거래,결제완료
S20250069,2025-02-04,PG05,통증·염증,P021,페인리스정,정제,급성 통증,9300,D06,강원영업팀,강원,한지우,C047,강원메디컬센터47,종합병원,강원,A,프로모션,온라인,81,9300,0.1,677970,계좌이체,결제완료
S20250070,2025-09-19,PG06,당뇨·대사,P029,대사케어정,정제,대사증후군,23600,D04,호남영업팀,호남,최유진,C046,광주의약품유통46,의약품도매상,광주,B,정상판매,도매,18,23600,0.05,403560,법인카드,결제완료
S20250071,2025-01-14,PG05,통증·염증,P024,아세트정,정제,발열·통증,7200,D03,영남영업팀,영남,이준호,C007,충남의약품유통07,의약품도매상,충남,C,정상판매,병원영업,119,7200,0.03,831096,법인카드,결제완료
S20250072,2025-05-16,PG04,감염질환,P017,아목시케어정,정제,세균성 감염,22900,D03,영남영업팀,영남,이준호,C020,전남의원20,의원,전남,A,정상판매,도매,97,22900,0.03,2154661,계좌이체,결제완료
S20250073,2025-12-21,PG05,통증·염증,P024,아세트정,정제,발열·통증,7200,D01,수도권병원1팀,수도권,김태현,C035,충북병원35,병원,충북,A,정상판매,도매,73,7200,0.05,499320,외상거래,결제완료
S20250074,2025-05-16,PG02,소화기계,P006,가스트론정,정제,위염,9800,D06,강원영업팀,강원,한지우,C003,대전병원03,병원,대전,B,프로모션,병원영업,53,9800,0.2,415520,외상거래,결제완료
S20250075,2025-05-31,PG01,순환기계,P002,카디오프릴정 10mg,정제,고혈압,16800,D03,영남영업팀,영남,이준호,C011,대전의원11,의원,대전,A,정상판매,병원영업,89,16800,0.05,1420440,계좌이체,결제완료
S20250076,2025-07-29,PG01,순환기계,P004,리피다운정 20mg,정제,고지혈증,28600,D03,영남영업팀,영남,이준호,C030,충북병원30,병원,충북,A,정상판매,병원영업,43,28600,0.03,1192906,외상거래,결제완료
S20250077,2025-05-26,PG03,호흡기계,P011,브레스온흡입액,흡입액,천식,35400,D04,호남영업팀,호남,최유진,C035,충북병원35,병원,충북,A,정상판매,온라인,35,35400,0.03,1201830,계좌이체,미결제
S20250078,2025-05-31,PG06,당뇨·대사,P026,메트로민정,정제,제2형 당뇨,13200,D05,충청영업팀,충청,정민수,C011,대전의원11,의원,대전,A,정상판매,도매,63,13200,0.05,790020,법인카드,결제완료
S20250079,2025-03-09,PG05,통증·염증,P021,페인리스정,정제,급성 통증,9300,D01,수도권병원1팀,수도권,김태현,C020,전남의원20,의원,전남,A,프로모션,병원영업,109,9300,0.15,861645,계좌이체,결제완료
S20250080,2025-05-29,PG02,소화기계,P007,가스트론캡슐,캡슐,역류성 식도염,14300,D04,호남영업팀,호남,최유진,C031,충남메디컬센터31,종합병원,충남,B,정상판매,병원영업,29,14300,0.0,414700,법인카드,미결제
S20250081,2025-11-29,PG02,소화기계,P010,프로바이오캡슐,캡슐,장내균총 개선,22100,D04,호남영업팀,호남,최유진,C001,경기의원01,의원,경기,B,정상판매,도매,90,22100,0.03,1929330,외상거래,부분결제
S20250082,2025-08-09,PG03,호흡기계,P013,코프릴시럽,시럽,기침,7900,D03,영남영업팀,영남,이준호,C045,경남약국45,약국,경남,A,정상판매,도매,99,7900,0.03,758637,법인카드,결제완료
S20250083,2025-06-08,PG02,소화기계,P008,모티리움정,정제,소화불량,8700,D06,강원영업팀,강원,한지우,C047,강원메디컬센터47,종합병원,강원,A,정상판매,도매,89,8700,0.0,774300,법인카드,결제완료
S20250084,2025-01-23,PG04,감염질환,P018,퀴놀론정,정제,요로 감염,31500,D02,수도권병원2팀,수도권,박서연,C050,경남메디컬센터50,종합병원,경남,B,정상판매,병원영업,13,31500,0.0,409500,계좌이체,결제완료
S20250085,2025-04-03,PG03,호흡기계,P015,브론코캡슐,캡슐,기관지염,18700,D02,수도권병원2팀,수도권,박서연,C042,울산약국42,약국,울산,A,프로모션,온라인,108,18700,0.2,1615680,법인카드,결제완료
S20250086,2025-05-30,PG01,순환기계,P003,리피다운정 10mg,정제,고지혈증,21400,D04,호남영업팀,호남,최유진,C002,경남의원02,의원,경남,B,정상판매,병원영업,78,21400,0.03,1619124,계좌이체,결제완료
S20250087,2025-03-02,PG02,소화기계,P009,울세이프정,정제,위궤양,17600,D03,영남영업팀,영남,이준호,C032,전남의약품유통32,의약품도매상,전남,B,정상판매,병원영업,47,17600,0.0,827200,외상거래,결제완료
S20250088,2025-04-06,PG01,순환기계,P004,리피다운정 20mg,정제,고지혈증,28600,D06,강원영업팀,강원,한지우,C024,충북약국24,약국,충북,B,정상판매,온라인,66,28600,0.0,1887600,외상거래,미결제
S20250089,2025-03-22,PG03,호흡기계,P011,브레스온흡입액,흡입액,천식,35400,D04,호남영업팀,호남,최유진,C017,부산병원17,병원,부산,C,병원입찰,온라인,16,35400,0.08,521088,외상거래,결제완료
S20250090,2025-07-12,PG05,통증·염증,P024,아세트정,정제,발열·통증,7200,D02,수도권병원2팀,수도권,박서연,C047,강원메디컬센터47,종합병원,강원,A,정상판매,온라인,25,7200,0.03,174600,법인카드,미결제
S20250091,2025-03-07,PG06,당뇨·대사,P027,글루코밸런스정,정제,제2형 당뇨,18400,D03,영남영업팀,영남,이준호,C033,경기의약품유통33,의약품도매상,경기,A,프로모션,도매,69,18400,0.1,1142640,법인카드,결제완료
S20250092,2025-02-07,PG05,통증·염증,P022,이부케어정,정제,염증성 통증,10400,D01,수도권병원1팀,수도권,김태현,C010,전남병원10,병원,전남,B,정상판매,병원영업,37,10400,0.03,373256,외상거래,미결제
S20250093,2025-05-22,PG01,순환기계,P005,베타가드정,정제,협심증,19200,D02,수도권병원2팀,수도권,박서연,C010,전남병원10,병원,전남,B,정상판매,병원영업,39,19200,0.0,748800,계좌이체,결제완료
S20250094,2025-01-07,PG01,순환기계,P003,리피다운정 10mg,정제,고지혈증,21400,D02,수도권병원2팀,수도권,박서연,C030,충북병원30,병원,충북,A,프로모션,병원영업,70,21400,0.1,1348200,법인카드,결제완료
S20250095,2025-12-25,PG02,소화기계,P006,가스트론정,정제,위염,9800,D07,온라인사업팀,전국,오세진,C012,서울의약품유통12,의약품도매상,서울,A,정상판매,병원영업,86,9800,0.03,817516,법인카드,결제완료
S20250096,2025-05-15,PG03,호흡기계,P011,브레스온흡입액,흡입액,천식,35400,D04,호남영업팀,호남,최유진,C003,대전병원03,병원,대전,B,프로모션,도매,53,35400,0.15,1594770,계좌이체,결제완료
S20250097,2025-04-15,PG02,소화기계,P007,가스트론캡슐,캡슐,역류성 식도염,14300,D03,영남영업팀,영남,이준호,C045,경남약국45,약국,경남,A,프로모션,병원영업,94,14300,0.2,1075360,외상거래,결제완료
S20250098,2025-06-09,PG01,순환기계,P005,베타가드정,정제,협심증,19200,D06,강원영업팀,강원,한지우,C049,경남약국49,약국,경남,B,정상판매,병원영업,63,19200,0.0,1209600,계좌이체,결제완료
S20250099,2025-10-11,PG02,소화기계,P009,울세이프정,정제,위궤양,17600,D04,호남영업팀,호남,최유진,C043,인천의원43,의원,인천,B,정상판매,병원영업,27,17600,0.0,475200,외상거래,결제완료
S20250100,2025-11-30,PG04,감염질환,P020,인펙트주,주사제,중증 감염,48500,D04,호남영업팀,호남,최유진,C024,충북약국24,약국,충북,B,정상판매,도매,53,48500,0.05,2441975,계좌이체,결제완료
S20250101,2025-01-08,PG03,호흡기계,P015,브론코캡슐,캡슐,기관지염,18700,D02,수도권병원2팀,수도권,박서연,C004,울산의약품유통04,의약품도매상,울산,B,정상판매,병원영업,23,18700,0.03,417197,계좌이체,결제완료
S20250102,2025-05-15,PG02,소화기계,P010,프로바이오캡슐,캡슐,장내균총 개선,22100,D06,강원영업팀,강원,한지우,C023,전북메디컬센터23,종합병원,전북,B,반품,도매,-17,22100,0.0,-375700,법인카드,결제완료
S20250103,2025-10-01,PG04,감염질환,P018,퀴놀론정,정제,요로 감염,31500,D04,호남영업팀,호남,최유진,C043,인천의원43,의원,인천,B,정상판매,도매,29,31500,0.05,867825,계좌이체,결제완료
S20250104,2025-06-10,PG04,감염질환,P016,세파클린캡슐,캡슐,세균성 감염,26100,D01,수도권병원1팀,수도권,김태현,C019,경기메디컬센터19,종합병원,경기,B,정상판매,온라인,33,26100,0.03,835461,외상거래,결제완료
S20250105,2025-04-22,PG03,호흡기계,P012,알레르컷정,정제,알레르기 비염,11600,D04,호남영업팀,호남,최유진,C037,경남병원37,병원,경남,A,정상판매,병원영업,91,11600,0.05,1002820,계좌이체,미결제
S20250106,2025-06-11,PG01,순환기계,P004,리피다운정 20mg,정제,고지혈증,28600,D04,호남영업팀,호남,최유진,C043,인천의원43,의원,인천,B,병원입찰,병원영업,98,28600,0.12,2466464,외상거래,결제완료
S20250107,2025-08-28,PG01,순환기계,P005,베타가드정,정제,협심증,19200,D06,강원영업팀,강원,한지우,C008,부산의원08,의원,부산,C,정상판매,병원영업,21,19200,0.0,403200,계좌이체,미결제
S20250108,2025-09-20,PG03,호흡기계,P015,브론코캡슐,캡슐,기관지염,18700,D04,호남영업팀,호남,최유진,C031,충남메디컬센터31,종합병원,충남,B,정상판매,병원영업,6,18700,0.05,106590,법인카드,결제완료
S20250109,2025-01-17,PG03,호흡기계,P014,몬테케어정,정제,천식,24800,D04,호남영업팀,호남,최유진,C047,강원메디컬센터47,종합병원,강원,A,정상판매,병원영업,71,24800,0.0,1760800,계좌이체,결제완료
S20250110,2025-05-28,PG04,감염질환,P020,인펙트주,주사제,중증 감염,48500,D01,수도권병원1팀,수도권,김태현,C007,충남의약품유통07,의약품도매상,충남,C,정상판매,도매,75,48500,0.05,3455625,법인카드,결제완료
S20250111,2025-09-16,PG06,당뇨·대사,P028,인슐로펜주,주사제,당뇨,42800,D02,수도권병원2팀,수도권,박서연,C012,서울의약품유통12,의약품도매상,서울,A,프로모션,병원영업,5,42800,0.2,171200,외상거래,결제완료
S20250112,2025-10-27,PG03,호흡기계,P012,알레르컷정,정제,알레르기 비염,11600,D04,호남영업팀,호남,최유진,C007,충남의약품유통07,의약품도매상,충남,C,정상판매,병원영업,33,11600,0.05,363660,외상거래,결제완료
S20250113,2025-11-02,PG05,통증·염증,P022,이부케어정,정제,염증성 통증,10400,D03,영남영업팀,영남,이준호,C003,대전병원03,병원,대전,B,정상판매,도매,93,10400,0.03,938184,법인카드,결제완료
S20250114,2025-02-24,PG01,순환기계,P005,베타가드정,정제,협심증,19200,D06,강원영업팀,강원,한지우,C048,서울약국48,약국,서울,B,정상판매,병원영업,58,19200,0.05,1057920,외상거래,결제완료
S20250115,2025-04-01,PG03,호흡기계,P012,알레르컷정,정제,알레르기 비염,11600,D06,강원영업팀,강원,한지우,C005,광주의원05,의원,광주,A,정상판매,병원영업,59,11600,0.05,650180,법인카드,결제완료
S20250116,2025-09-03,PG04,감염질환,P017,아목시케어정,정제,세균성 감염,22900,D06,강원영업팀,강원,한지우,C025,강원메디컬센터25,종합병원,강원,A,병원입찰,도매,84,22900,0.08,1769712,계좌이체,결제완료
S20250117,2025-01-06,PG06,당뇨·대사,P027,글루코밸런스정,정제,제2형 당뇨,18400,D05,충청영업팀,충청,정민수,C026,서울약국26,약국,서울,B,정상판매,도매,30,18400,0.0,552000,외상거래,결제완료
S20250118,2025-03-20,PG06,당뇨·대사,P029,대사케어정,정제,대사증후군,23600,D06,강원영업팀,강원,한지우,C044,인천약국44,약국,인천,A,정상판매,도매,15,23600,0.05,336300,계좌이체,결제완료
S20250119,2025-12-22,PG03,호흡기계,P013,코프릴시럽,시럽,기침,7900,D05,충청영업팀,충청,정민수,C006,광주약국06,약국,광주,B,정상판매,병원영업,78,7900,0.03,597714,계좌이체,결제완료
S20250120,2025-02-27,PG06,당뇨·대사,P026,메트로민정,정제,제2형 당뇨,13200,D03,영남영업팀,영남,이준호,C001,경기의원01,의원,경기,B,정상판매,도매,27,13200,0.0,356400,계좌이체,결제완료
S20250121,2025-01-07,PG01,순환기계,P001,카디오프릴정 5mg,정제,고혈압,12500,D05,충청영업팀,충청,정민수,C002,경남의원02,의원,경남,B,정상판매,온라인,45,12500,0.05,534375,계좌이체,결제완료
S20250122,2025-12-15,PG06,당뇨·대사,P026,메트로민정,정제,제2형 당뇨,13200,D03,영남영업팀,영남,이준호,C031,충남메디컬센터31,종합병원,충남,B,정상판매,병원영업,35,13200,0.05,438900,외상거래,결제완료
S20250123,2025-10-29,PG05,통증·염증,P023,조인트겔,겔,근육통,15800,D03,영남영업팀,영남,이준호,C035,충북병원35,병원,충북,A,정상판매,도매,27,15800,0.0,426600,법인카드,결제완료
S20250124,2025-06-08,PG04,감염질환,P018,퀴놀론정,정제,요로 감염,31500,D04,호남영업팀,호남,최유진,C048,서울약국48,약국,서울,B,프로모션,병원영업,83,31500,0.2,2091600,계좌이체,결제완료
S20250125,2025-01-29,PG03,호흡기계,P013,코프릴시럽,시럽,기침,7900,D04,호남영업팀,호남,최유진,C028,인천의약품유통28,의약품도매상,인천,B,프로모션,병원영업,98,7900,0.1,696780,외상거래,결제완료
S20250126,2025-03-03,PG06,당뇨·대사,P026,메트로민정,정제,제2형 당뇨,13200,D02,수도권병원2팀,수도권,박서연,C032,전남의약품유통32,의약품도매상,전남,B,정상판매,병원영업,24,13200,0.03,307296,계좌이체,결제완료
S20250127,2025-10-31,PG04,감염질환,P018,퀴놀론정,정제,요로 감염,31500,D07,온라인사업팀,전국,오세진,C036,강원의원36,의원,강원,A,정상판매,병원영업,59,31500,0.05,1765575,계좌이체,결제완료
S20250128,2025-10-03,PG06,당뇨·대사,P028,인슐로펜주,주사제,당뇨,42800,D05,충청영업팀,충청,정민수,C034,대구약국34,약국,대구,B,정상판매,도매,6,42800,0.0,256800,외상거래,결제완료
S20250129,2025-12-27,PG01,순환기계,P002,카디오프릴정 10mg,정제,고혈압,16800,D05,충청영업팀,충청,정민수,C007,충남의약품유통07,의약품도매상,충남,C,정상판매,도매,67,16800,0.0,1125600,계좌이체,결제완료
S20250130,2025-12-17,PG05,통증·염증,P024,아세트정,정제,발열·통증,7200,D07,온라인사업팀,전국,오세진,C009,광주의원09,의원,광주,A,반품,병원영업,-14,7200,0.0,-100800,법인카드,결제완료
S20250131,2025-07-08,PG01,순환기계,P005,베타가드정,정제,협심증,19200,D03,영남영업팀,영남,이준호,C044,인천약국44,약국,인천,A,정상판매,병원영업,118,19200,0.0,2265600,계좌이체,결제완료
S20250132,2025-06-21,PG03,호흡기계,P015,브론코캡슐,캡슐,기관지염,18700,D06,강원영업팀,강원,한지우,C003,대전병원03,병원,대전,B,정상판매,병원영업,6,18700,0.03,108834,외상거래,결제완료
S20250133,2025-02-01,PG04,감염질환,P019,마크로신정,정제,호흡기 감염,29800,D06,강원영업팀,강원,한지우,C022,울산약국22,약국,울산,A,정상판매,병원영업,117,29800,0.03,3382002,계좌이체,결제완료
S20250134,2025-09-18,PG04,감염질환,P016,세파클린캡슐,캡슐,세균성 감염,26100,D01,수도권병원1팀,수도권,김태현,C002,경남의원02,의원,경남,B,정상판매,도매,54,26100,0.05,1338930,법인카드,결제완료
S20250135,2025-06-09,PG03,호흡기계,P015,브론코캡슐,캡슐,기관지염,18700,D04,호남영업팀,호남,최유진,C039,인천의원39,의원,인천,A,정상판매,병원영업,46,18700,0.03,834394,법인카드,결제완료
S20250136,2025-08-30,PG06,당뇨·대사,P026,메트로민정,정제,제2형 당뇨,13200,D04,호남영업팀,호남,최유진,C004,울산의약품유통04,의약품도매상,울산,B,정상판매,병원영업,64,13200,0.0,844800,계좌이체,결제완료
S20250137,2025-12-27,PG06,당뇨·대사,P029,대사케어정,정제,대사증후군,23600,D07,온라인사업팀,전국,오세진,C028,인천의약품유통28,의약품도매상,인천,B,프로모션,병원영업,77,23600,0.1,1635480,계좌이체,부분결제
S20250138,2025-02-11,PG02,소화기계,P009,울세이프정,정제,위궤양,17600,D04,호남영업팀,호남,최유진,C009,광주의원09,의원,광주,A,정상판매,도매,63,17600,0.05,1053360,외상거래,결제완료
S20250139,2025-05-02,PG03,호흡기계,P012,알레르컷정,정제,알레르기 비염,11600,D07,온라인사업팀,전국,오세진,C049,경남약국49,약국,경남,B,정상판매,도매,90,11600,0.0,1044000,계좌이체,결제완료
S20250140,2025-08-04,PG04,감염질환,P019,마크로신정,정제,호흡기 감염,29800,D02,수도권병원2팀,수도권,박서연,C034,대구약국34,약국,대구,B,정상판매,도매,79,29800,0.05,2236490,외상거래,결제완료
S20250141,2025-04-13,PG05,통증·염증,P024,아세트정,정제,발열·통증,7200,D07,온라인사업팀,전국,오세진,C024,충북약국24,약국,충북,B,정상판매,병원영업,69,7200,0.05,471960,법인카드,결제완료
S20250142,2025-04-22,PG01,순환기계,P001,카디오프릴정 5mg,정제,고혈압,12500,D01,수도권병원1팀,수도권,김태현,C020,전남의원20,의원,전남,A,병원입찰,병원영업,118,12500,0.12,1298000,계좌이체,결제완료
S20250143,2025-02-01,PG03,호흡기계,P013,코프릴시럽,시럽,기침,7900,D06,강원영업팀,강원,한지우,C014,전북약국14,약국,전북,A,프로모션,병원영업,17,7900,0.1,120870,법인카드,결제완료
S20250144,2025-06-28,PG01,순환기계,P002,카디오프릴정 10mg,정제,고혈압,16800,D04,호남영업팀,호남,최유진,C021,전북약국21,약국,전북,A,정상판매,병원영업,43,16800,0.03,700728,외상거래,미결제
S20250145,2025-01-10,PG03,호흡기계,P012,알레르컷정,정제,알레르기 비염,11600,D03,영남영업팀,영남,이준호,C038,광주병원38,병원,광주,B,프로모션,병원영업,36,11600,0.15,354960,계좌이체,결제완료
S20250146,2025-10-15,PG04,감염질환,P019,마크로신정,정제,호흡기 감염,29800,D07,온라인사업팀,전국,오세진,C019,경기메디컬센터19,종합병원,경기,B,정상판매,병원영업,46,29800,0.03,1329676,외상거래,미결제
S20250147,2025-04-28,PG01,순환기계,P003,리피다운정 10mg,정제,고지혈증,21400,D07,온라인사업팀,전국,오세진,C030,충북병원30,병원,충북,A,프로모션,도매,82,21400,0.15,1491580,법인카드,결제완료
S20250148,2025-09-23,PG06,당뇨·대사,P027,글루코밸런스정,정제,제2형 당뇨,18400,D07,온라인사업팀,전국,오세진,C009,광주의원09,의원,광주,A,정상판매,병원영업,104,18400,0.03,1856192,계좌이체,결제완료
S20250149,2025-01-30,PG02,소화기계,P009,울세이프정,정제,위궤양,17600,D06,강원영업팀,강원,한지우,C007,충남의약품유통07,의약품도매상,충남,C,정상판매,병원영업,114,17600,0.05,1906080,계좌이체,결제완료
S20250150,2025-07-24,PG01,순환기계,P003,리피다운정 10mg,정제,고지혈증,21400,D07,온라인사업팀,전국,오세진,C020,전남의원20,의원,전남,A,정상판매,병원영업,95,21400,0.0,2033000,계좌이체,결제완료
S20250151,2025-06-24,PG01,순환기계,P001,카디오프릴정 5mg,정제,고혈압,12500,D07,온라인사업팀,전국,오세진,C012,서울의약품유통12,의약품도매상,서울,A,정상판매,병원영업,87,12500,0.03,1054875,법인카드,결제완료
S20250152,2025-10-29,PG04,감염질환,P019,마크로신정,정제,호흡기 감염,29800,D06,강원영업팀,강원,한지우,C037,경남병원37,병원,경남,A,정상판매,온라인,107,29800,0.05,3029170,계좌이체,결제완료
S20250153,2025-10-04,PG05,통증·염증,P023,조인트겔,겔,근육통,15800,D01,수도권병원1팀,수도권,김태현,C045,경남약국45,약국,경남,A,정상판매,병원영업,57,15800,0.05,855570,법인카드,부분결제
S20250154,2025-08-22,PG02,소화기계,P008,모티리움정,정제,소화불량,8700,D05,충청영업팀,충청,정민수,C048,서울약국48,약국,서울,B,정상판매,도매,10,8700,0.0,87000,외상거래,결제완료
S20250155,2025-01-06,PG03,호흡기계,P014,몬테케어정,정제,천식,24800,D06,강원영업팀,강원,한지우,C031,충남메디컬센터31,종합병원,충남,B,프로모션,병원영업,96,24800,0.1,2142720,계좌이체,결제완료
S20250156,2025-05-16,PG01,순환기계,P005,베타가드정,정제,협심증,19200,D03,영남영업팀,영남,이준호,C012,서울의약품유통12,의약품도매상,서울,A,정상판매,병원영업,115,19200,0.03,2141760,법인카드,결제완료
S20250157,2025-01-31,PG06,당뇨·대사,P028,인슐로펜주,주사제,당뇨,42800,D01,수도권병원1팀,수도권,김태현,C045,경남약국45,약국,경남,A,병원입찰,도매,11,42800,0.08,433136,계좌이체,결제완료
S20250158,2025-05-17,PG01,순환기계,P002,카디오프릴정 10mg,정제,고혈압,16800,D04,호남영업팀,호남,최유진,C006,광주약국06,약국,광주,B,정상판매,도매,55,16800,0.03,896280,법인카드,결제완료
S20250159,2025-08-14,PG01,순환기계,P003,리피다운정 10mg,정제,고지혈증,21400,D01,수도권병원1팀,수도권,김태현,C028,인천의약품유통28,의약품도매상,인천,B,정상판매,온라인,90,21400,0.0,1926000,법인카드,결제완료
S20250160,2025-08-27,PG01,순환기계,P004,리피다운정 20mg,정제,고지혈증,28600,D03,영남영업팀,영남,이준호,C036,강원의원36,의원,강원,A,병원입찰,병원영업,89,28600,0.18,2087228,외상거래,결제완료
S20250161,2025-11-17,PG06,당뇨·대사,P026,메트로민정,정제,제2형 당뇨,13200,D07,온라인사업팀,전국,오세진,C023,전북메디컬센터23,종합병원,전북,B,정상판매,도매,31,13200,0.03,396924,외상거래,결제완료
S20250162,2025-06-14,PG02,소화기계,P007,가스트론캡슐,캡슐,역류성 식도염,14300,D03,영남영업팀,영남,이준호,C031,충남메디컬센터31,종합병원,충남,B,정상판매,병원영업,18,14300,0.03,249678,계좌이체,결제완료
S20250163,2025-04-29,PG02,소화기계,P008,모티리움정,정제,소화불량,8700,D06,강원영업팀,강원,한지우,C022,울산약국22,약국,울산,A,정상판매,온라인,18,8700,0.0,156600,계좌이체,결제완료
S20250164,2025-07-27,PG02,소화기계,P010,프로바이오캡슐,캡슐,장내균총 개선,22100,D02,수도권병원2팀,수도권,박서연,C015,전북메디컬센터15,종합병원,전북,B,프로모션,병원영업,63,22100,0.15,1183455,외상거래,결제완료
S20250165,2025-02-20,PG01,순환기계,P001,카디오프릴정 5mg,정제,고혈압,12500,D05,충청영업팀,충청,정민수,C006,광주약국06,약국,광주,B,정상판매,도매,51,12500,0.0,637500,계좌이체,결제완료
S20250166,2025-04-06,PG03,호흡기계,P014,몬테케어정,정제,천식,24800,D03,영남영업팀,영남,이준호,C047,강원메디컬센터47,종합병원,강원,A,정상판매,도매,7,24800,0.03,168392,법인카드,결제완료
S20250167,2025-09-23,PG05,통증·염증,P023,조인트겔,겔,근육통,15800,D01,수도권병원1팀,수도권,김태현,C012,서울의약품유통12,의약품도매상,서울,A,병원입찰,도매,49,15800,0.12,681296,외상거래,미결제
S20250168,2025-06-16,PG01,순환기계,P002,카디오프릴정 10mg,정제,고혈압,16800,D01,수도권병원1팀,수도권,김태현,C023,전북메디컬센터23,종합병원,전북,B,정상판매,병원영업,74,16800,0.05,1181040,외상거래,결제완료
S20250169,2025-10-20,PG02,소화기계,P006,가스트론정,정제,위염,9800,D02,수도권병원2팀,수도권,박서연,C043,인천의원43,의원,인천,B,정상판매,병원영업,83,9800,0.03,788998,계좌이체,부분결제
S20250170,2025-03-06,PG04,감염질환,P016,세파클린캡슐,캡슐,세균성 감염,26100,D01,수도권병원1팀,수도권,김태현,C016,서울병원16,병원,서울,C,정상판매,도매,45,26100,0.0,1174500,외상거래,결제완료
S20250171,2025-10-31,PG01,순환기계,P003,리피다운정 10mg,정제,고지혈증,21400,D02,수도권병원2팀,수도권,박서연,C034,대구약국34,약국,대구,B,정상판매,온라인,85,21400,0.03,1764430,법인카드,결제완료
S20250172,2025-09-06,PG02,소화기계,P010,프로바이오캡슐,캡슐,장내균총 개선,22100,D05,충청영업팀,충청,정민수,C012,서울의약품유통12,의약품도매상,서울,A,병원입찰,도매,19,22100,0.12,369512,법인카드,결제완료
S20250173,2025-07-13,PG02,소화기계,P010,프로바이오캡슐,캡슐,장내균총 개선,22100,D04,호남영업팀,호남,최유진,C045,경남약국45,약국,경남,A,병원입찰,도매,67,22100,0.08,1362244,외상거래,미결제
S20250174,2025-09-29,PG05,통증·염증,P021,페인리스정,정제,급성 통증,9300,D02,수도권병원2팀,수도권,박서연,C012,서울의약품유통12,의약품도매상,서울,A,정상판매,병원영업,56,9300,0.05,494760,외상거래,부분결제
S20250175,2025-05-15,PG01,순환기계,P002,카디오프릴정 10mg,정제,고혈압,16800,D04,호남영업팀,호남,최유진,C043,인천의원43,의원,인천,B,프로모션,병원영업,61,16800,0.2,819840,계좌이체,결제완료
S20250176,2025-04-30,PG06,당뇨·대사,P027,글루코밸런스정,정제,제2형 당뇨,18400,D03,영남영업팀,영남,이준호,C038,광주병원38,병원,광주,B,병원입찰,병원영업,73,18400,0.12,1182016,법인카드,결제완료
S20250177,2025-05-30,PG05,통증·염증,P025,뉴로패치,패치,신경병증성 통증,27600,D07,온라인사업팀,전국,오세진,C012,서울의약품유통12,의약품도매상,서울,A,정상판매,병원영업,50,27600,0.03,1338600,계좌이체,결제완료
S20250178,2025-03-10,PG06,당뇨·대사,P026,메트로민정,정제,제2형 당뇨,13200,D03,영남영업팀,영남,이준호,C005,광주의원05,의원,광주,A,정상판매,병원영업,66,13200,0.0,871200,계좌이체,결제완료
S20250179,2025-01-22,PG02,소화기계,P009,울세이프정,정제,위궤양,17600,D04,호남영업팀,호남,최유진,C026,서울약국26,약국,서울,B,정상판매,온라인,39,17600,0.0,686400,계좌이체,결제완료
S20250180,2025-08-06,PG06,당뇨·대사,P029,대사케어정,정제,대사증후군,23600,D04,호남영업팀,호남,최유진,C016,서울병원16,병원,서울,C,정상판매,병원영업,32,23600,0.03,732544,법인카드,결제완료
S20250181,2025-10-16,PG05,통증·염증,P021,페인리스정,정제,급성 통증,9300,D05,충청영업팀,충청,정민수,C009,광주의원09,의원,광주,A,프로모션,병원영업,21,9300,0.15,166005,법인카드,결제완료
S20250182,2025-10-12,PG03,호흡기계,P012,알레르컷정,정제,알레르기 비염,11600,D05,충청영업팀,충청,정민수,C049,경남약국49,약국,경남,B,병원입찰,도매,41,11600,0.08,437552,법인카드,결제완료
S20250183,2025-12-17,PG05,통증·염증,P022,이부케어정,정제,염증성 통증,10400,D03,영남영업팀,영남,이준호,C003,대전병원03,병원,대전,B,정상판매,도매,79,10400,0.0,821600,법인카드,결제완료
S20250184,2025-11-09,PG05,통증·염증,P024,아세트정,정제,발열·통증,7200,D06,강원영업팀,강원,한지우,C014,전북약국14,약국,전북,A,정상판매,병원영업,15,7200,0.05,102600,계좌이체,결제완료
S20250185,2025-01-22,PG05,통증·염증,P025,뉴로패치,패치,신경병증성 통증,27600,D02,수도권병원2팀,수도권,박서연,C045,경남약국45,약국,경남,A,프로모션,도매,31,27600,0.15,727260,법인카드,결제완료
S20250186,2025-11-26,PG01,순환기계,P004,리피다운정 20mg,정제,고지혈증,28600,D06,강원영업팀,강원,한지우,C001,경기의원01,의원,경기,B,정상판매,병원영업,58,28600,0.0,1658800,계좌이체,결제완료
S20250187,2025-11-03,PG04,감염질환,P019,마크로신정,정제,호흡기 감염,29800,D04,호남영업팀,호남,최유진,C029,광주의원29,의원,광주,A,정상판매,온라인,18,29800,0.05,509580,법인카드,결제완료
S20250188,2025-07-08,PG06,당뇨·대사,P028,인슐로펜주,주사제,당뇨,42800,D02,수도권병원2팀,수도권,박서연,C010,전남병원10,병원,전남,B,병원입찰,병원영업,65,42800,0.08,2559440,법인카드,결제완료
S20250189,2025-09-13,PG03,호흡기계,P013,코프릴시럽,시럽,기침,7900,D03,영남영업팀,영남,이준호,C009,광주의원09,의원,광주,A,정상판매,병원영업,120,7900,0.03,919560,외상거래,결제완료
S20250190,2025-09-04,PG02,소화기계,P007,가스트론캡슐,캡슐,역류성 식도염,14300,D05,충청영업팀,충청,정민수,C021,전북약국21,약국,전북,A,정상판매,병원영업,64,14300,0.0,915200,외상거래,결제완료
S20250191,2025-05-25,PG01,순환기계,P005,베타가드정,정제,협심증,19200,D03,영남영업팀,영남,이준호,C034,대구약국34,약국,대구,B,프로모션,병원영업,8,19200,0.15,130560,외상거래,결제완료
S20250192,2025-11-13,PG06,당뇨·대사,P027,글루코밸런스정,정제,제2형 당뇨,18400,D02,수도권병원2팀,수도권,박서연,C041,대구의원41,의원,대구,C,프로모션,도매,96,18400,0.2,1413120,외상거래,미결제
S20250193,2025-12-13,PG06,당뇨·대사,P026,메트로민정,정제,제2형 당뇨,13200,D05,충청영업팀,충청,정민수,C038,광주병원38,병원,광주,B,정상판매,도매,20,13200,0.03,256080,법인카드,결제완료
S20250194,2025-01-16,PG04,감염질환,P019,마크로신정,정제,호흡기 감염,29800,D02,수도권병원2팀,수도권,박서연,C039,인천의원39,의원,인천,A,정상판매,병원영업,89,29800,0.05,2519590,외상거래,부분결제
S20250195,2025-09-29,PG06,당뇨·대사,P026,메트로민정,정제,제2형 당뇨,13200,D01,수도권병원1팀,수도권,김태현,C020,전남의원20,의원,전남,A,정상판매,병원영업,56,13200,0.03,717024,외상거래,결제완료
S20250196,2025-11-28,PG05,통증·염증,P022,이부케어정,정제,염증성 통증,10400,D07,온라인사업팀,전국,오세진,C019,경기메디컬센터19,종합병원,경기,B,정상판매,도매,39,10400,0.0,405600,외상거래,결제완료
S20250197,2025-10-09,PG02,소화기계,P006,가스트론정,정제,위염,9800,D04,호남영업팀,호남,최유진,C008,부산의원08,의원,부산,C,병원입찰,병원영업,106,9800,0.18,851816,외상거래,결제완료
S20250198,2025-02-07,PG04,감염질환,P019,마크로신정,정제,호흡기 감염,29800,D03,영남영업팀,영남,이준호,C024,충북약국24,약국,충북,B,정상판매,병원영업,81,29800,0.05,2293110,계좌이체,결제완료
S20250199,2025-03-29,PG05,통증·염증,P024,아세트정,정제,발열·통증,7200,D02,수도권병원2팀,수도권,박서연,C014,전북약국14,약국,전북,A,병원입찰,도매,63,7200,0.12,399168,외상거래,미결제
S20250200,2025-08-09,PG01,순환기계,P005,베타가드정,정제,협심증,19200,D04,호남영업팀,호남,최유진,C028,인천의약품유통28,의약품도매상,인천,B,정상판매,병원영업,41,19200,0.03,763584,법인카드,결제완료
S20250201,2025-04-02,PG03,호흡기계,P012,알레르컷정,정제,알레르기 비염,11600,D03,영남영업팀,영남,이준호,C014,전북약국14,약국,전북,A,정상판매,도매,39,11600,0.0,452400,계좌이체,결제완료
S20250202,2025-05-16,PG05,통증·염증,P023,조인트겔,겔,근육통,15800,D04,호남영업팀,호남,최유진,C037,경남병원37,병원,경남,A,프로모션,온라인,113,15800,0.15,1517590,법인카드,결제완료
S20250203,2025-03-31,PG03,호흡기계,P014,몬테케어정,정제,천식,24800,D07,온라인사업팀,전국,오세진,C021,전북약국21,약국,전북,A,정상판매,병원영업,108,24800,0.05,2544480,외상거래,결제완료
S20250204,2025-07-06,PG03,호흡기계,P012,알레르컷정,정제,알레르기 비염,11600,D05,충청영업팀,충청,정민수,C012,서울의약품유통12,의약품도매상,서울,A,정상판매,병원영업,90,11600,0.0,1044000,계좌이체,미결제
S20250205,2025-02-24,PG06,당뇨·대사,P027,글루코밸런스정,정제,제2형 당뇨,18400,D01,수도권병원1팀,수도권,김태현,C036,강원의원36,의원,강원,A,정상판매,병원영업,119,18400,0.0,2189600,법인카드,결제완료
S20250206,2025-02-26,PG05,통증·염증,P022,이부케어정,정제,염증성 통증,10400,D01,수도권병원1팀,수도권,김태현,C028,인천의약품유통28,의약품도매상,인천,B,정상판매,병원영업,39,10400,0.05,385320,계좌이체,결제완료
S20250207,2025-07-12,PG03,호흡기계,P012,알레르컷정,정제,알레르기 비염,11600,D05,충청영업팀,충청,정민수,C003,대전병원03,병원,대전,B,병원입찰,병원영업,50,11600,0.08,533600,외상거래,결제완료
S20250208,2025-12-28,PG04,감염질환,P017,아목시케어정,정제,세균성 감염,22900,D04,호남영업팀,호남,최유진,C038,광주병원38,병원,광주,B,프로모션,병원영업,74,22900,0.1,1525140,외상거래,결제완료
S20250209,2025-03-10,PG06,당뇨·대사,P029,대사케어정,정제,대사증후군,23600,D04,호남영업팀,호남,최유진,C018,충남의약품유통18,의약품도매상,충남,B,정상판매,도매,23,23600,0.05,515660,외상거래,부분결제
S20250210,2025-07-16,PG01,순환기계,P003,리피다운정 10mg,정제,고지혈증,21400,D06,강원영업팀,강원,한지우,C025,강원메디컬센터25,종합병원,강원,A,프로모션,병원영업,19,21400,0.15,345610,법인카드,결제완료
S20250211,2025-02-19,PG02,소화기계,P008,모티리움정,정제,소화불량,8700,D05,충청영업팀,충청,정민수,C038,광주병원38,병원,광주,B,프로모션,병원영업,66,8700,0.15,488070,법인카드,결제완료
S20250212,2025-07-14,PG01,순환기계,P001,카디오프릴정 5mg,정제,고혈압,12500,D01,수도권병원1팀,수도권,김태현,C007,충남의약품유통07,의약품도매상,충남,C,정상판매,온라인,77,12500,0.05,914375,외상거래,결제완료
S20250213,2025-07-23,PG03,호흡기계,P013,코프릴시럽,시럽,기침,7900,D06,강원영업팀,강원,한지우,C022,울산약국22,약국,울산,A,정상판매,온라인,88,7900,0.05,660440,외상거래,결제완료
S20250214,2025-09-27,PG06,당뇨·대사,P026,메트로민정,정제,제2형 당뇨,13200,D06,강원영업팀,강원,한지우,C013,전북의원13,의원,전북,C,병원입찰,병원영업,14,13200,0.08,170016,계좌이체,결제완료
S20250215,2025-12-11,PG03,호흡기계,P013,코프릴시럽,시럽,기침,7900,D05,충청영업팀,충청,정민수,C030,충북병원30,병원,충북,A,정상판매,병원영업,47,7900,0.0,371300,법인카드,결제완료
S20250216,2025-11-30,PG01,순환기계,P003,리피다운정 10mg,정제,고지혈증,21400,D03,영남영업팀,영남,이준호,C002,경남의원02,의원,경남,B,정상판매,병원영업,73,21400,0.0,1562200,외상거래,결제완료
S20250217,2025-02-15,PG01,순환기계,P005,베타가드정,정제,협심증,19200,D04,호남영업팀,호남,최유진,C029,광주의원29,의원,광주,A,정상판매,병원영업,112,19200,0.03,2085888,외상거래,결제완료
S20250218,2025-06-28,PG03,호흡기계,P013,코프릴시럽,시럽,기침,7900,D07,온라인사업팀,전국,오세진,C044,인천약국44,약국,인천,A,정상판매,병원영업,49,7900,0.05,367745,계좌이체,미결제
S20250219,2025-08-12,PG03,호흡기계,P015,브론코캡슐,캡슐,기관지염,18700,D06,강원영업팀,강원,한지우,C003,대전병원03,병원,대전,B,프로모션,도매,83,18700,0.15,1319285,법인카드,결제완료
S20250220,2025-12-09,PG05,통증·염증,P023,조인트겔,겔,근육통,15800,D07,온라인사업팀,전국,오세진,C004,울산의약품유통04,의약품도매상,울산,B,정상판매,도매,70,15800,0.03,1072820,계좌이체,결제완료
S20250221,2025-12-08,PG03,호흡기계,P011,브레스온흡입액,흡입액,천식,35400,D07,온라인사업팀,전국,오세진,C022,울산약국22,약국,울산,A,병원입찰,병원영업,87,35400,0.08,2833416,계좌이체,결제완료
S20250222,2025-10-05,PG05,통증·염증,P023,조인트겔,겔,근육통,15800,D02,수도권병원2팀,수도권,박서연,C014,전북약국14,약국,전북,A,정상판매,도매,14,15800,0.0,221200,외상거래,결제완료
S20250223,2025-12-22,PG01,순환기계,P002,카디오프릴정 10mg,정제,고혈압,16800,D02,수도권병원2팀,수도권,박서연,C016,서울병원16,병원,서울,C,병원입찰,병원영업,22,16800,0.18,303072,법인카드,부분결제
S20250224,2025-11-10,PG04,감염질환,P018,퀴놀론정,정제,요로 감염,31500,D04,호남영업팀,호남,최유진,C049,경남약국49,약국,경남,B,반품,병원영업,-17,31500,0.0,-535500,외상거래,결제완료
S20250225,2025-10-10,PG05,통증·염증,P023,조인트겔,겔,근육통,15800,D06,강원영업팀,강원,한지우,C049,경남약국49,약국,경남,B,정상판매,온라인,101,15800,0.0,1595800,외상거래,결제완료
S20250226,2025-08-29,PG01,순환기계,P002,카디오프릴정 10mg,정제,고혈압,16800,D04,호남영업팀,호남,최유진,C029,광주의원29,의원,광주,A,프로모션,온라인,56,16800,0.2,752640,법인카드,결제완료
S20250227,2025-06-26,PG05,통증·염증,P022,이부케어정,정제,염증성 통증,10400,D07,온라인사업팀,전국,오세진,C049,경남약국49,약국,경남,B,병원입찰,병원영업,26,10400,0.08,248768,법인카드,결제완료
S20250228,2025-03-12,PG02,소화기계,P009,울세이프정,정제,위궤양,17600,D03,영남영업팀,영남,이준호,C045,경남약국45,약국,경남,A,정상판매,도매,11,17600,0.05,183920,법인카드,부분결제
S20250229,2025-06-09,PG05,통증·염증,P021,페인리스정,정제,급성 통증,9300,D01,수도권병원1팀,수도권,김태현,C021,전북약국21,약국,전북,A,정상판매,병원영업,5,9300,0.05,44175,계좌이체,결제완료
S20250230,2025-12-21,PG03,호흡기계,P015,브론코캡슐,캡슐,기관지염,18700,D05,충청영업팀,충청,정민수,C047,강원메디컬센터47,종합병원,강원,A,정상판매,온라인,81,18700,0.0,1514700,법인카드,결제완료
S20250231,2025-12-08,PG05,통증·염증,P023,조인트겔,겔,근육통,15800,D06,강원영업팀,강원,한지우,C045,경남약국45,약국,경남,A,프로모션,병원영업,119,15800,0.2,1504160,외상거래,미결제
S20250232,2025-09-18,PG01,순환기계,P005,베타가드정,정제,협심증,19200,D01,수도권병원1팀,수도권,김태현,C017,부산병원17,병원,부산,C,정상판매,도매,62,19200,0.0,1190400,계좌이체,결제완료
S20250233,2025-03-28,PG06,당뇨·대사,P028,인슐로펜주,주사제,당뇨,42800,D06,강원영업팀,강원,한지우,C035,충북병원35,병원,충북,A,프로모션,병원영업,29,42800,0.1,1117080,외상거래,결제완료
S20250234,2025-11-19,PG02,소화기계,P010,프로바이오캡슐,캡슐,장내균총 개선,22100,D07,온라인사업팀,전국,오세진,C006,광주약국06,약국,광주,B,정상판매,병원영업,111,22100,0.0,2453100,계좌이체,미결제
S20250235,2025-03-28,PG06,당뇨·대사,P027,글루코밸런스정,정제,제2형 당뇨,18400,D03,영남영업팀,영남,이준호,C012,서울의약품유통12,의약품도매상,서울,A,정상판매,온라인,50,18400,0.0,920000,법인카드,결제완료
S20250236,2025-08-17,PG06,당뇨·대사,P026,메트로민정,정제,제2형 당뇨,13200,D02,수도권병원2팀,수도권,박서연,C049,경남약국49,약국,경남,B,정상판매,도매,19,13200,0.05,238260,외상거래,결제완료
S20250237,2025-12-20,PG01,순환기계,P002,카디오프릴정 10mg,정제,고혈압,16800,D06,강원영업팀,강원,한지우,C014,전북약국14,약국,전북,A,정상판매,병원영업,107,16800,0.0,1797600,계좌이체,결제완료
S20250238,2025-07-27,PG03,호흡기계,P013,코프릴시럽,시럽,기침,7900,D02,수도권병원2팀,수도권,박서연,C042,울산약국42,약국,울산,A,정상판매,병원영업,31,7900,0.0,244900,법인카드,결제완료
S20250239,2025-11-09,PG03,호흡기계,P014,몬테케어정,정제,천식,24800,D01,수도권병원1팀,수도권,김태현,C023,전북메디컬센터23,종합병원,전북,B,프로모션,도매,36,24800,0.1,803520,계좌이체,결제완료
S20250240,2025-04-11,PG03,호흡기계,P015,브론코캡슐,캡슐,기관지염,18700,D07,온라인사업팀,전국,오세진,C023,전북메디컬센터23,종합병원,전북,B,병원입찰,도매,44,18700,0.08,756976,계좌이체,결제완료
S20250241,2025-09-22,PG05,통증·염증,P022,이부케어정,정제,염증성 통증,10400,D01,수도권병원1팀,수도권,김태현,C019,경기메디컬센터19,종합병원,경기,B,프로모션,온라인,61,10400,0.2,507520,외상거래,결제완료
S20250242,2025-10-08,PG04,감염질환,P018,퀴놀론정,정제,요로 감염,31500,D05,충청영업팀,충청,정민수,C001,경기의원01,의원,경기,B,병원입찰,도매,94,31500,0.08,2724120,법인카드,미결제
S20250243,2025-01-10,PG03,호흡기계,P013,코프릴시럽,시럽,기침,7900,D06,강원영업팀,강원,한지우,C037,경남병원37,병원,경남,A,정상판매,병원영업,103,7900,0.03,789289,계좌이체,결제완료
S20250244,2025-05-19,PG05,통증·염증,P023,조인트겔,겔,근육통,15800,D07,온라인사업팀,전국,오세진,C017,부산병원17,병원,부산,C,정상판매,도매,94,15800,0.0,1485200,외상거래,결제완료
S20250245,2025-01-11,PG05,통증·염증,P023,조인트겔,겔,근육통,15800,D02,수도권병원2팀,수도권,박서연,C027,경기병원27,병원,경기,B,정상판매,병원영업,104,15800,0.0,1643200,계좌이체,결제완료
S20250246,2025-07-28,PG05,통증·염증,P023,조인트겔,겔,근육통,15800,D02,수도권병원2팀,수도권,박서연,C012,서울의약품유통12,의약품도매상,서울,A,정상판매,병원영업,91,15800,0.0,1437800,계좌이체,미결제
S20250247,2025-07-08,PG01,순환기계,P001,카디오프릴정 5mg,정제,고혈압,12500,D03,영남영업팀,영남,이준호,C033,경기의약품유통33,의약품도매상,경기,A,정상판매,병원영업,48,12500,0.03,582000,계좌이체,결제완료
S20250248,2025-12-10,PG05,통증·염증,P025,뉴로패치,패치,신경병증성 통증,27600,D06,강원영업팀,강원,한지우,C006,광주약국06,약국,광주,B,정상판매,병원영업,106,27600,0.0,2925600,계좌이체,결제완료
S20250249,2025-09-27,PG05,통증·염증,P023,조인트겔,겔,근육통,15800,D04,호남영업팀,호남,최유진,C046,광주의약품유통46,의약품도매상,광주,B,프로모션,온라인,16,15800,0.1,227520,법인카드,결제완료
S20250250,2025-09-22,PG06,당뇨·대사,P028,인슐로펜주,주사제,당뇨,42800,D04,호남영업팀,호남,최유진,C049,경남약국49,약국,경남,B,프로모션,도매,93,42800,0.1,3582360,계좌이체,결제완료
S20250251,2025-01-22,PG03,호흡기계,P014,몬테케어정,정제,천식,24800,D06,강원영업팀,강원,한지우,C049,경남약국49,약국,경남,B,병원입찰,병원영업,104,24800,0.08,2372864,법인카드,결제완료
S20250252,2025-08-21,PG02,소화기계,P007,가스트론캡슐,캡슐,역류성 식도염,14300,D02,수도권병원2팀,수도권,박서연,C024,충북약국24,약국,충북,B,정상판매,온라인,99,14300,0.0,1415700,법인카드,결제완료
S20250253,2025-06-12,PG02,소화기계,P007,가스트론캡슐,캡슐,역류성 식도염,14300,D02,수도권병원2팀,수도권,박서연,C020,전남의원20,의원,전남,A,정상판매,병원영업,105,14300,0.03,1456455,외상거래,부분결제
S20250254,2025-08-21,PG04,감염질환,P017,아목시케어정,정제,세균성 감염,22900,D04,호남영업팀,호남,최유진,C035,충북병원35,병원,충북,A,정상판매,도매,101,22900,0.05,2197255,법인카드,결제완료
S20250255,2025-08-24,PG01,순환기계,P005,베타가드정,정제,협심증,19200,D01,수도권병원1팀,수도권,김태현,C048,서울약국48,약국,서울,B,정상판매,온라인,95,19200,0.03,1769280,계좌이체,결제완료
S20250256,2025-05-09,PG01,순환기계,P001,카디오프릴정 5mg,정제,고혈압,12500,D01,수도권병원1팀,수도권,김태현,C017,부산병원17,병원,부산,C,정상판매,병원영업,110,12500,0.03,1333750,계좌이체,결제완료
S20250257,2025-12-03,PG01,순환기계,P004,리피다운정 20mg,정제,고지혈증,28600,D05,충청영업팀,충청,정민수,C027,경기병원27,병원,경기,B,정상판매,병원영업,72,28600,0.03,1997424,법인카드,결제완료
S20250258,2025-04-15,PG01,순환기계,P003,리피다운정 10mg,정제,고지혈증,21400,D01,수도권병원1팀,수도권,김태현,C043,인천의원43,의원,인천,B,프로모션,도매,40,21400,0.2,684800,계좌이체,미결제
S20250259,2025-02-19,PG04,감염질환,P017,아목시케어정,정제,세균성 감염,22900,D03,영남영업팀,영남,이준호,C034,대구약국34,약국,대구,B,정상판매,병원영업,116,22900,0.03,2576708,계좌이체,결제완료
S20250260,2025-06-02,PG01,순환기계,P005,베타가드정,정제,협심증,19200,D01,수도권병원1팀,수도권,김태현,C043,인천의원43,의원,인천,B,반품,병원영업,-13,19200,0.0,-249600,외상거래,결제완료
S20250261,2025-09-10,PG05,통증·염증,P023,조인트겔,겔,근육통,15800,D04,호남영업팀,호남,최유진,C016,서울병원16,병원,서울,C,병원입찰,병원영업,32,15800,0.12,444928,법인카드,결제완료
S20250262,2025-11-13,PG04,감염질환,P020,인펙트주,주사제,중증 감염,48500,D04,호남영업팀,호남,최유진,C018,충남의약품유통18,의약품도매상,충남,B,정상판매,도매,112,48500,0.0,5432000,법인카드,결제완료
S20250263,2025-10-27,PG05,통증·염증,P023,조인트겔,겔,근육통,15800,D05,충청영업팀,충청,정민수,C032,전남의약품유통32,의약품도매상,전남,B,정상판매,도매,6,15800,0.05,90060,계좌이체,미결제
S20250264,2025-03-15,PG03,호흡기계,P014,몬테케어정,정제,천식,24800,D04,호남영업팀,호남,최유진,C020,전남의원20,의원,전남,A,정상판매,병원영업,41,24800,0.0,1016800,계좌이체,미결제
S20250265,2025-10-06,PG01,순환기계,P002,카디오프릴정 10mg,정제,고혈압,16800,D04,호남영업팀,호남,최유진,C035,충북병원35,병원,충북,A,정상판매,병원영업,71,16800,0.0,1192800,계좌이체,결제완료
S20250266,2025-12-04,PG02,소화기계,P009,울세이프정,정제,위궤양,17600,D07,온라인사업팀,전국,오세진,C004,울산의약품유통04,의약품도매상,울산,B,정상판매,온라인,5,17600,0.03,85360,계좌이체,결제완료
S20250267,2025-12-10,PG04,감염질환,P018,퀴놀론정,정제,요로 감염,31500,D05,충청영업팀,충청,정민수,C036,강원의원36,의원,강원,A,프로모션,도매,95,31500,0.15,2543625,계좌이체,결제완료
S20250268,2025-07-12,PG04,감염질환,P016,세파클린캡슐,캡슐,세균성 감염,26100,D05,충청영업팀,충청,정민수,C041,대구의원41,의원,대구,C,정상판매,병원영업,76,26100,0.05,1884420,계좌이체,결제완료
S20250269,2025-02-19,PG03,호흡기계,P015,브론코캡슐,캡슐,기관지염,18700,D05,충청영업팀,충청,정민수,C032,전남의약품유통32,의약품도매상,전남,B,정상판매,병원영업,86,18700,0.05,1527790,외상거래,결제완료
S20250270,2025-06-09,PG06,당뇨·대사,P029,대사케어정,정제,대사증후군,23600,D04,호남영업팀,호남,최유진,C023,전북메디컬센터23,종합병원,전북,B,정상판매,병원영업,100,23600,0.0,2360000,법인카드,결제완료
S20250271,2025-02-01,PG05,통증·염증,P023,조인트겔,겔,근육통,15800,D01,수도권병원1팀,수도권,김태현,C037,경남병원37,병원,경남,A,프로모션,병원영업,56,15800,0.15,752080,계좌이체,부분결제
S20250272,2025-04-02,PG04,감염질환,P016,세파클린캡슐,캡슐,세균성 감염,26100,D06,강원영업팀,강원,한지우,C014,전북약국14,약국,전북,A,정상판매,도매,7,26100,0.05,173565,외상거래,부분결제
S20250273,2025-07-30,PG04,감염질환,P016,세파클린캡슐,캡슐,세균성 감염,26100,D06,강원영업팀,강원,한지우,C039,인천의원39,의원,인천,A,정상판매,온라인,94,26100,0.03,2379798,계좌이체,결제완료
S20250274,2025-03-13,PG03,호흡기계,P014,몬테케어정,정제,천식,24800,D03,영남영업팀,영남,이준호,C016,서울병원16,병원,서울,C,정상판매,병원영업,17,24800,0.05,400520,법인카드,결제완료
S20250275,2025-08-29,PG04,감염질환,P019,마크로신정,정제,호흡기 감염,29800,D05,충청영업팀,충청,정민수,C031,충남메디컬센터31,종합병원,충남,B,정상판매,도매,36,29800,0.0,1072800,법인카드,결제완료
S20250276,2025-06-02,PG06,당뇨·대사,P030,글리세이프정,정제,제2형 당뇨,20700,D05,충청영업팀,충청,정민수,C005,광주의원05,의원,광주,A,정상판매,병원영업,75,20700,0.0,1552500,법인카드,결제완료
S20250277,2025-11-06,PG02,소화기계,P007,가스트론캡슐,캡슐,역류성 식도염,14300,D06,강원영업팀,강원,한지우,C036,강원의원36,의원,강원,A,정상판매,도매,13,14300,0.0,185900,외상거래,결제완료
S20250278,2025-12-29,PG05,통증·염증,P021,페인리스정,정제,급성 통증,9300,D01,수도권병원1팀,수도권,김태현,C011,대전의원11,의원,대전,A,정상판매,병원영업,94,9300,0.03,847974,외상거래,결제완료
S20250279,2025-09-26,PG04,감염질환,P020,인펙트주,주사제,중증 감염,48500,D01,수도권병원1팀,수도권,김태현,C027,경기병원27,병원,경기,B,정상판매,병원영업,95,48500,0.05,4377125,법인카드,결제완료
S20250280,2025-11-26,PG04,감염질환,P016,세파클린캡슐,캡슐,세균성 감염,26100,D04,호남영업팀,호남,최유진,C004,울산의약품유통04,의약품도매상,울산,B,정상판매,도매,19,26100,0.03,481023,외상거래,결제완료
S20250281,2025-12-06,PG06,당뇨·대사,P028,인슐로펜주,주사제,당뇨,42800,D07,온라인사업팀,전국,오세진,C050,경남메디컬센터50,종합병원,경남,B,정상판매,병원영업,19,42800,0.03,788804,법인카드,결제완료
S20250282,2025-04-28,PG01,순환기계,P004,리피다운정 20mg,정제,고지혈증,28600,D07,온라인사업팀,전국,오세진,C012,서울의약품유통12,의약품도매상,서울,A,프로모션,병원영업,108,28600,0.2,2471040,계좌이체,결제완료
S20250283,2025-01-26,PG03,호흡기계,P012,알레르컷정,정제,알레르기 비염,11600,D07,온라인사업팀,전국,오세진,C002,경남의원02,의원,경남,B,정상판매,도매,106,11600,0.05,1168120,계좌이체,부분결제
S20250284,2025-04-08,PG01,순환기계,P001,카디오프릴정 5mg,정제,고혈압,12500,D07,온라인사업팀,전국,오세진,C021,전북약국21,약국,전북,A,정상판매,병원영업,70,12500,0.0,875000,계좌이체,미결제
S20250285,2025-03-03,PG03,호흡기계,P015,브론코캡슐,캡슐,기관지염,18700,D06,강원영업팀,강원,한지우,C003,대전병원03,병원,대전,B,정상판매,병원영업,85,18700,0.05,1510025,계좌이체,부분결제
S20250286,2025-12-17,PG05,통증·염증,P024,아세트정,정제,발열·통증,7200,D06,강원영업팀,강원,한지우,C002,경남의원02,의원,경남,B,반품,도매,-20,7200,0.0,-144000,외상거래,결제완료
S20250287,2025-07-23,PG06,당뇨·대사,P028,인슐로펜주,주사제,당뇨,42800,D02,수도권병원2팀,수도권,박서연,C033,경기의약품유통33,의약품도매상,경기,A,정상판매,도매,40,42800,0.05,1626400,외상거래,결제완료
S20250288,2025-07-30,PG04,감염질환,P018,퀴놀론정,정제,요로 감염,31500,D04,호남영업팀,호남,최유진,C016,서울병원16,병원,서울,C,정상판매,병원영업,103,31500,0.03,3147165,계좌이체,결제완료
S20250289,2025-11-12,PG03,호흡기계,P014,몬테케어정,정제,천식,24800,D05,충청영업팀,충청,정민수,C025,강원메디컬센터25,종합병원,강원,A,정상판매,병원영업,89,24800,0.05,2096840,계좌이체,결제완료
S20250290,2025-07-23,PG03,호흡기계,P011,브레스온흡입액,흡입액,천식,35400,D03,영남영업팀,영남,이준호,C007,충남의약품유통07,의약품도매상,충남,C,정상판매,병원영업,11,35400,0.05,369930,계좌이체,결제완료
S20250291,2025-10-14,PG03,호흡기계,P015,브론코캡슐,캡슐,기관지염,18700,D01,수도권병원1팀,수도권,김태현,C006,광주약국06,약국,광주,B,정상판매,도매,32,18700,0.05,568480,외상거래,미결제
S20250292,2025-08-27,PG01,순환기계,P004,리피다운정 20mg,정제,고지혈증,28600,D05,충청영업팀,충청,정민수,C050,경남메디컬센터50,종합병원,경남,B,정상판매,도매,98,28600,0.05,2662660,법인카드,결제완료
S20250293,2025-12-24,PG03,호흡기계,P015,브론코캡슐,캡슐,기관지염,18700,D02,수도권병원2팀,수도권,박서연,C013,전북의원13,의원,전북,C,프로모션,도매,111,18700,0.2,1660560,법인카드,결제완료
S20250294,2025-01-19,PG02,소화기계,P009,울세이프정,정제,위궤양,17600,D07,온라인사업팀,전국,오세진,C024,충북약국24,약국,충북,B,정상판매,병원영업,24,17600,0.03,409728,계좌이체,결제완료
S20250295,2025-03-17,PG03,호흡기계,P012,알레르컷정,정제,알레르기 비염,11600,D06,강원영업팀,강원,한지우,C047,강원메디컬센터47,종합병원,강원,A,정상판매,병원영업,36,11600,0.03,405072,계좌이체,결제완료
S20250296,2025-05-01,PG06,당뇨·대사,P029,대사케어정,정제,대사증후군,23600,D06,강원영업팀,강원,한지우,C002,경남의원02,의원,경남,B,정상판매,도매,9,23600,0.05,201780,외상거래,미결제
S20250297,2025-06-16,PG01,순환기계,P004,리피다운정 20mg,정제,고지혈증,28600,D03,영남영업팀,영남,이준호,C007,충남의약품유통07,의약품도매상,충남,C,정상판매,병원영업,105,28600,0.05,2852850,법인카드,결제완료
S20250298,2025-02-28,PG02,소화기계,P008,모티리움정,정제,소화불량,8700,D02,수도권병원2팀,수도권,박서연,C003,대전병원03,병원,대전,B,정상판매,도매,10,8700,0.05,82650,계좌이체,결제완료
S20250299,2025-04-16,PG03,호흡기계,P014,몬테케어정,정제,천식,24800,D03,영남영업팀,영남,이준호,C017,부산병원17,병원,부산,C,프로모션,병원영업,24,24800,0.15,505920,계좌이체,결제완료
S20250300,2025-12-09,PG03,호흡기계,P011,브레스온흡입액,흡입액,천식,35400,D04,호남영업팀,호남,최유진,C029,광주의원29,의원,광주,A,정상판매,병원영업,42,35400,0.0,1486800,계좌이체,미결제
S20250301,2025-09-17,PG05,통증·염증,P022,이부케어정,정제,염증성 통증,10400,D02,수도권병원2팀,수도권,박서연,C042,울산약국42,약국,울산,A,정상판매,도매,60,10400,0.05,592800,외상거래,미결제
S20250302,2025-05-07,PG03,호흡기계,P014,몬테케어정,정제,천식,24800,D01,수도권병원1팀,수도권,김태현,C040,울산의약품유통40,의약품도매상,울산,B,정상판매,병원영업,111,24800,0.05,2615160,외상거래,미결제
S20250303,2025-10-20,PG01,순환기계,P005,베타가드정,정제,협심증,19200,D01,수도권병원1팀,수도권,김태현,C022,울산약국22,약국,울산,A,정상판매,병원영업,101,19200,0.05,1842240,계좌이체,결제완료
S20250304,2025-05-26,PG03,호흡기계,P011,브레스온흡입액,흡입액,천식,35400,D06,강원영업팀,강원,한지우,C001,경기의원01,의원,경기,B,병원입찰,도매,48,35400,0.12,1495296,법인카드,미결제
S20250305,2025-12-03,PG04,감염질환,P019,마크로신정,정제,호흡기 감염,29800,D03,영남영업팀,영남,이준호,C012,서울의약품유통12,의약품도매상,서울,A,프로모션,병원영업,101,29800,0.2,2407840,계좌이체,결제완료
S20250306,2025-07-01,PG01,순환기계,P003,리피다운정 10mg,정제,고지혈증,21400,D01,수도권병원1팀,수도권,김태현,C031,충남메디컬센터31,종합병원,충남,B,정상판매,도매,52,21400,0.05,1057160,법인카드,결제완료
S20250307,2025-08-01,PG05,통증·염증,P022,이부케어정,정제,염증성 통증,10400,D02,수도권병원2팀,수도권,박서연,C030,충북병원30,병원,충북,A,정상판매,도매,81,10400,0.05,800280,계좌이체,결제완료
S20250308,2025-08-26,PG03,호흡기계,P012,알레르컷정,정제,알레르기 비염,11600,D02,수도권병원2팀,수도권,박서연,C039,인천의원39,의원,인천,A,프로모션,병원영업,107,11600,0.15,1055020,계좌이체,결제완료
S20250309,2025-12-26,PG02,소화기계,P006,가스트론정,정제,위염,9800,D05,충청영업팀,충청,정민수,C039,인천의원39,의원,인천,A,프로모션,온라인,72,9800,0.2,564480,계좌이체,결제완료
S20250310,2025-12-05,PG05,통증·염증,P025,뉴로패치,패치,신경병증성 통증,27600,D04,호남영업팀,호남,최유진,C028,인천의약품유통28,의약품도매상,인천,B,정상판매,온라인,34,27600,0.0,938400,외상거래,부분결제
S20250311,2025-01-20,PG02,소화기계,P007,가스트론캡슐,캡슐,역류성 식도염,14300,D07,온라인사업팀,전국,오세진,C009,광주의원09,의원,광주,A,프로모션,도매,8,14300,0.1,102960,외상거래,결제완료
S20250312,2025-01-10,PG04,감염질환,P016,세파클린캡슐,캡슐,세균성 감염,26100,D04,호남영업팀,호남,최유진,C023,전북메디컬센터23,종합병원,전북,B,정상판매,병원영업,92,26100,0.03,2329164,법인카드,부분결제
S20250313,2025-04-14,PG05,통증·염증,P023,조인트겔,겔,근육통,15800,D06,강원영업팀,강원,한지우,C014,전북약국14,약국,전북,A,병원입찰,도매,26,15800,0.12,361504,외상거래,결제완료
S20250314,2025-01-04,PG03,호흡기계,P013,코프릴시럽,시럽,기침,7900,D04,호남영업팀,호남,최유진,C040,울산의약품유통40,의약품도매상,울산,B,정상판매,병원영업,20,7900,0.0,158000,법인카드,결제완료
S20250315,2025-06-20,PG04,감염질환,P020,인펙트주,주사제,중증 감염,48500,D05,충청영업팀,충청,정민수,C028,인천의약품유통28,의약품도매상,인천,B,프로모션,병원영업,105,48500,0.2,4074000,법인카드,결제완료
S20250316,2025-02-06,PG01,순환기계,P002,카디오프릴정 10mg,정제,고혈압,16800,D07,온라인사업팀,전국,오세진,C006,광주약국06,약국,광주,B,정상판매,온라인,24,16800,0.0,403200,법인카드,결제완료
S20250317,2025-07-28,PG05,통증·염증,P025,뉴로패치,패치,신경병증성 통증,27600,D04,호남영업팀,호남,최유진,C005,광주의원05,의원,광주,A,정상판매,도매,15,27600,0.0,414000,외상거래,결제완료
S20250318,2025-09-10,PG05,통증·염증,P025,뉴로패치,패치,신경병증성 통증,27600,D05,충청영업팀,충청,정민수,C047,강원메디컬센터47,종합병원,강원,A,정상판매,병원영업,84,27600,0.0,2318400,계좌이체,결제완료
S20250319,2025-08-15,PG06,당뇨·대사,P028,인슐로펜주,주사제,당뇨,42800,D06,강원영업팀,강원,한지우,C024,충북약국24,약국,충북,B,병원입찰,병원영업,118,42800,0.08,4646368,계좌이체,결제완료
S20250320,2025-03-05,PG01,순환기계,P003,리피다운정 10mg,정제,고지혈증,21400,D06,강원영업팀,강원,한지우,C050,경남메디컬센터50,종합병원,경남,B,정상판매,병원영업,67,21400,0.03,1390786,계좌이체,미결제
S20250321,2025-12-26,PG05,통증·염증,P025,뉴로패치,패치,신경병증성 통증,27600,D02,수도권병원2팀,수도권,박서연,C002,경남의원02,의원,경남,B,정상판매,병원영업,85,27600,0.05,2228700,법인카드,결제완료
S20250322,2025-05-08,PG03,호흡기계,P011,브레스온흡입액,흡입액,천식,35400,D02,수도권병원2팀,수도권,박서연,C028,인천의약품유통28,의약품도매상,인천,B,정상판매,도매,56,35400,0.05,1883280,법인카드,결제완료
S20250323,2025-11-09,PG06,당뇨·대사,P029,대사케어정,정제,대사증후군,23600,D04,호남영업팀,호남,최유진,C033,경기의약품유통33,의약품도매상,경기,A,정상판매,병원영업,99,23600,0.05,2219580,외상거래,결제완료
S20250324,2025-12-28,PG04,감염질환,P017,아목시케어정,정제,세균성 감염,22900,D01,수도권병원1팀,수도권,김태현,C031,충남메디컬센터31,종합병원,충남,B,프로모션,병원영업,53,22900,0.15,1031645,외상거래,결제완료
S20250325,2025-05-13,PG02,소화기계,P010,프로바이오캡슐,캡슐,장내균총 개선,22100,D02,수도권병원2팀,수도권,박서연,C020,전남의원20,의원,전남,A,정상판매,온라인,24,22100,0.0,530400,법인카드,결제완료
S20250326,2025-03-19,PG01,순환기계,P001,카디오프릴정 5mg,정제,고혈압,12500,D05,충청영업팀,충청,정민수,C037,경남병원37,병원,경남,A,정상판매,병원영업,100,12500,0.03,1212500,법인카드,결제완료
S20250327,2025-10-14,PG06,당뇨·대사,P026,메트로민정,정제,제2형 당뇨,13200,D05,충청영업팀,충청,정민수,C029,광주의원29,의원,광주,A,정상판매,병원영업,24,13200,0.0,316800,외상거래,결제완료
S20250328,2025-05-07,PG06,당뇨·대사,P030,글리세이프정,정제,제2형 당뇨,20700,D07,온라인사업팀,전국,오세진,C028,인천의약품유통28,의약품도매상,인천,B,정상판매,온라인,31,20700,0.03,622449,외상거래,결제완료
S20250329,2025-06-30,PG01,순환기계,P004,리피다운정 20mg,정제,고지혈증,28600,D03,영남영업팀,영남,이준호,C018,충남의약품유통18,의약품도매상,충남,B,병원입찰,병원영업,52,28600,0.08,1368224,계좌이체,미결제
S20250330,2025-08-08,PG04,감염질환,P019,마크로신정,정제,호흡기 감염,29800,D06,강원영업팀,강원,한지우,C034,대구약국34,약국,대구,B,정상판매,온라인,12,29800,0.0,357600,외상거래,결제완료
S20250331,2025-08-07,PG02,소화기계,P007,가스트론캡슐,캡슐,역류성 식도염,14300,D02,수도권병원2팀,수도권,박서연,C014,전북약국14,약국,전북,A,정상판매,병원영업,28,14300,0.05,380380,법인카드,부분결제
S20250332,2025-06-07,PG05,통증·염증,P023,조인트겔,겔,근육통,15800,D01,수도권병원1팀,수도권,김태현,C006,광주약국06,약국,광주,B,정상판매,병원영업,105,15800,0.03,1609230,계좌이체,결제완료
S20250333,2025-12-24,PG02,소화기계,P008,모티리움정,정제,소화불량,8700,D03,영남영업팀,영남,이준호,C017,부산병원17,병원,부산,C,프로모션,병원영업,31,8700,0.15,229245,외상거래,결제완료
S20250334,2025-04-05,PG06,당뇨·대사,P029,대사케어정,정제,대사증후군,23600,D05,충청영업팀,충청,정민수,C033,경기의약품유통33,의약품도매상,경기,A,프로모션,도매,111,23600,0.2,2095680,법인카드,결제완료
S20250335,2025-04-14,PG02,소화기계,P008,모티리움정,정제,소화불량,8700,D07,온라인사업팀,전국,오세진,C010,전남병원10,병원,전남,B,프로모션,도매,19,8700,0.1,148770,계좌이체,결제완료
S20250336,2025-10-13,PG03,호흡기계,P013,코프릴시럽,시럽,기침,7900,D04,호남영업팀,호남,최유진,C005,광주의원05,의원,광주,A,병원입찰,도매,76,7900,0.08,552368,계좌이체,결제완료
S20250337,2025-05-08,PG05,통증·염증,P023,조인트겔,겔,근육통,15800,D03,영남영업팀,영남,이준호,C036,강원의원36,의원,강원,A,정상판매,병원영업,35,15800,0.05,525350,법인카드,결제완료
S20250338,2025-12-27,PG04,감염질환,P020,인펙트주,주사제,중증 감염,48500,D05,충청영업팀,충청,정민수,C029,광주의원29,의원,광주,A,정상판매,병원영업,94,48500,0.05,4331050,외상거래,미결제
S20250339,2025-12-13,PG06,당뇨·대사,P029,대사케어정,정제,대사증후군,23600,D07,온라인사업팀,전국,오세진,C032,전남의약품유통32,의약품도매상,전남,B,정상판매,병원영업,42,23600,0.03,961464,외상거래,미결제
S20250340,2025-03-16,PG06,당뇨·대사,P029,대사케어정,정제,대사증후군,23600,D02,수도권병원2팀,수도권,박서연,C009,광주의원09,의원,광주,A,정상판매,병원영업,41,23600,0.05,919220,법인카드,결제완료
S20250341,2025-12-01,PG01,순환기계,P001,카디오프릴정 5mg,정제,고혈압,12500,D04,호남영업팀,호남,최유진,C007,충남의약품유통07,의약품도매상,충남,C,병원입찰,병원영업,7,12500,0.18,71750,외상거래,부분결제
S20250342,2025-04-07,PG06,당뇨·대사,P027,글루코밸런스정,정제,제2형 당뇨,18400,D03,영남영업팀,영남,이준호,C028,인천의약품유통28,의약품도매상,인천,B,정상판매,도매,104,18400,0.03,1856192,법인카드,결제완료
S20250343,2025-02-09,PG02,소화기계,P008,모티리움정,정제,소화불량,8700,D05,충청영업팀,충청,정민수,C004,울산의약품유통04,의약품도매상,울산,B,정상판매,병원영업,68,8700,0.0,591600,외상거래,결제완료
S20250344,2025-06-29,PG06,당뇨·대사,P027,글루코밸런스정,정제,제2형 당뇨,18400,D03,영남영업팀,영남,이준호,C034,대구약국34,약국,대구,B,정상판매,병원영업,101,18400,0.03,1802648,계좌이체,결제완료
S20250345,2025-03-02,PG01,순환기계,P005,베타가드정,정제,협심증,19200,D06,강원영업팀,강원,한지우,C042,울산약국42,약국,울산,A,병원입찰,온라인,63,19200,0.18,991872,계좌이체,결제완료
S20250346,2025-02-27,PG03,호흡기계,P013,코프릴시럽,시럽,기침,7900,D07,온라인사업팀,전국,오세진,C023,전북메디컬센터23,종합병원,전북,B,정상판매,도매,93,7900,0.03,712659,법인카드,결제완료
S20250347,2025-06-01,PG05,통증·염증,P021,페인리스정,정제,급성 통증,9300,D04,호남영업팀,호남,최유진,C018,충남의약품유통18,의약품도매상,충남,B,병원입찰,도매,120,9300,0.18,915120,법인카드,결제완료
S20250348,2025-12-31,PG01,순환기계,P004,리피다운정 20mg,정제,고지혈증,28600,D03,영남영업팀,영남,이준호,C036,강원의원36,의원,강원,A,정상판매,도매,19,28600,0.03,527098,외상거래,결제완료
S20250349,2025-04-30,PG06,당뇨·대사,P026,메트로민정,정제,제2형 당뇨,13200,D03,영남영업팀,영남,이준호,C013,전북의원13,의원,전북,C,정상판매,도매,110,13200,0.0,1452000,법인카드,결제완료
S20250350,2025-11-20,PG01,순환기계,P001,카디오프릴정 5mg,정제,고혈압,12500,D04,호남영업팀,호남,최유진,C013,전북의원13,의원,전북,C,정상판매,병원영업,17,12500,0.03,206125,외상거래,결제완료
S20250351,2025-05-02,PG06,당뇨·대사,P027,글루코밸런스정,정제,제2형 당뇨,18400,D03,영남영업팀,영남,이준호,C007,충남의약품유통07,의약품도매상,충남,C,정상판매,병원영업,23,18400,0.0,423200,외상거래,결제완료
S20250352,2025-01-26,PG02,소화기계,P010,프로바이오캡슐,캡슐,장내균총 개선,22100,D02,수도권병원2팀,수도권,박서연,C040,울산의약품유통40,의약품도매상,울산,B,프로모션,도매,71,22100,0.2,1255280,계좌이체,결제완료
S20250353,2025-04-11,PG06,당뇨·대사,P027,글루코밸런스정,정제,제2형 당뇨,18400,D01,수도권병원1팀,수도권,김태현,C001,경기의원01,의원,경기,B,정상판매,도매,103,18400,0.0,1895200,법인카드,결제완료
S20250354,2025-04-19,PG02,소화기계,P007,가스트론캡슐,캡슐,역류성 식도염,14300,D04,호남영업팀,호남,최유진,C018,충남의약품유통18,의약품도매상,충남,B,정상판매,병원영업,54,14300,0.05,733590,외상거래,결제완료
S20250355,2025-02-12,PG03,호흡기계,P013,코프릴시럽,시럽,기침,7900,D02,수도권병원2팀,수도권,박서연,C036,강원의원36,의원,강원,A,정상판매,온라인,71,7900,0.03,544073,계좌이체,미결제
S20250356,2025-09-24,PG03,호흡기계,P012,알레르컷정,정제,알레르기 비염,11600,D07,온라인사업팀,전국,오세진,C027,경기병원27,병원,경기,B,정상판매,병원영업,16,11600,0.05,176320,외상거래,결제완료
S20250357,2025-05-20,PG04,감염질환,P019,마크로신정,정제,호흡기 감염,29800,D05,충청영업팀,충청,정민수,C034,대구약국34,약국,대구,B,정상판매,온라인,93,29800,0.0,2771400,계좌이체,미결제
S20250358,2025-07-22,PG05,통증·염증,P025,뉴로패치,패치,신경병증성 통증,27600,D07,온라인사업팀,전국,오세진,C032,전남의약품유통32,의약품도매상,전남,B,정상판매,병원영업,58,27600,0.05,1520760,법인카드,결제완료
S20250359,2025-06-23,PG05,통증·염증,P021,페인리스정,정제,급성 통증,9300,D03,영남영업팀,영남,이준호,C026,서울약국26,약국,서울,B,정상판매,병원영업,52,9300,0.05,459420,법인카드,부분결제
S20250360,2025-07-31,PG01,순환기계,P001,카디오프릴정 5mg,정제,고혈압,12500,D05,충청영업팀,충청,정민수,C012,서울의약품유통12,의약품도매상,서울,A,정상판매,온라인,59,12500,0.03,715375,외상거래,결제완료
S20250361,2025-06-20,PG05,통증·염증,P021,페인리스정,정제,급성 통증,9300,D02,수도권병원2팀,수도권,박서연,C029,광주의원29,의원,광주,A,정상판매,병원영업,17,9300,0.03,153357,법인카드,결제완료
S20250362,2025-02-06,PG06,당뇨·대사,P028,인슐로펜주,주사제,당뇨,42800,D01,수도권병원1팀,수도권,김태현,C039,인천의원39,의원,인천,A,병원입찰,온라인,106,42800,0.08,4173856,법인카드,미결제
S20250363,2025-03-08,PG06,당뇨·대사,P026,메트로민정,정제,제2형 당뇨,13200,D06,강원영업팀,강원,한지우,C042,울산약국42,약국,울산,A,병원입찰,도매,47,13200,0.18,508728,법인카드,결제완료
S20250364,2025-10-03,PG05,통증·염증,P023,조인트겔,겔,근육통,15800,D03,영남영업팀,영남,이준호,C040,울산의약품유통40,의약품도매상,울산,B,프로모션,온라인,60,15800,0.15,805800,외상거래,결제완료
S20250365,2025-07-18,PG04,감염질환,P017,아목시케어정,정제,세균성 감염,22900,D03,영남영업팀,영남,이준호,C048,서울약국48,약국,서울,B,정상판매,온라인,64,22900,0.05,1392320,외상거래,부분결제
S20250366,2025-11-10,PG02,소화기계,P009,울세이프정,정제,위궤양,17600,D03,영남영업팀,영남,이준호,C008,부산의원08,의원,부산,C,정상판매,병원영업,50,17600,0.05,836000,계좌이체,미결제
S20250367,2025-01-22,PG05,통증·염증,P024,아세트정,정제,발열·통증,7200,D03,영남영업팀,영남,이준호,C025,강원메디컬센터25,종합병원,강원,A,병원입찰,도매,88,7200,0.18,519552,법인카드,결제완료
S20250368,2025-07-12,PG01,순환기계,P005,베타가드정,정제,협심증,19200,D01,수도권병원1팀,수도권,김태현,C009,광주의원09,의원,광주,A,정상판매,병원영업,116,19200,0.05,2115840,법인카드,결제완료
S20250369,2025-10-06,PG03,호흡기계,P015,브론코캡슐,캡슐,기관지염,18700,D03,영남영업팀,영남,이준호,C040,울산의약품유통40,의약품도매상,울산,B,반품,도매,-18,18700,0.0,-336600,외상거래,결제완료
S20250370,2025-05-30,PG03,호흡기계,P012,알레르컷정,정제,알레르기 비염,11600,D01,수도권병원1팀,수도권,김태현,C010,전남병원10,병원,전남,B,정상판매,온라인,108,11600,0.05,1190160,외상거래,결제완료
S20250371,2025-08-11,PG02,소화기계,P007,가스트론캡슐,캡슐,역류성 식도염,14300,D07,온라인사업팀,전국,오세진,C001,경기의원01,의원,경기,B,프로모션,병원영업,37,14300,0.15,449735,계좌이체,결제완료
S20250372,2025-12-16,PG01,순환기계,P002,카디오프릴정 10mg,정제,고혈압,16800,D02,수도권병원2팀,수도권,박서연,C037,경남병원37,병원,경남,A,정상판매,병원영업,51,16800,0.05,813960,법인카드,미결제
S20250373,2025-08-03,PG01,순환기계,P002,카디오프릴정 10mg,정제,고혈압,16800,D01,수도권병원1팀,수도권,김태현,C036,강원의원36,의원,강원,A,정상판매,병원영업,77,16800,0.05,1228920,계좌이체,결제완료
S20250374,2025-04-10,PG01,순환기계,P004,리피다운정 20mg,정제,고지혈증,28600,D07,온라인사업팀,전국,오세진,C003,대전병원03,병원,대전,B,정상판매,병원영업,14,28600,0.03,388388,법인카드,결제완료
S20250375,2025-05-13,PG02,소화기계,P008,모티리움정,정제,소화불량,8700,D01,수도권병원1팀,수도권,김태현,C012,서울의약품유통12,의약품도매상,서울,A,프로모션,병원영업,19,8700,0.15,140505,계좌이체,부분결제
S20250376,2025-07-31,PG01,순환기계,P003,리피다운정 10mg,정제,고지혈증,21400,D01,수도권병원1팀,수도권,김태현,C025,강원메디컬센터25,종합병원,강원,A,정상판매,병원영업,72,21400,0.0,1540800,법인카드,미결제
S20250377,2025-05-25,PG02,소화기계,P009,울세이프정,정제,위궤양,17600,D01,수도권병원1팀,수도권,김태현,C022,울산약국22,약국,울산,A,정상판매,병원영업,16,17600,0.0,281600,법인카드,미결제
S20250378,2025-03-18,PG04,감염질환,P017,아목시케어정,정제,세균성 감염,22900,D04,호남영업팀,호남,최유진,C008,부산의원08,의원,부산,C,정상판매,병원영업,101,22900,0.0,2312900,법인카드,결제완료
S20250379,2025-03-09,PG05,통증·염증,P024,아세트정,정제,발열·통증,7200,D01,수도권병원1팀,수도권,김태현,C034,대구약국34,약국,대구,B,정상판매,도매,113,7200,0.0,813600,법인카드,결제완료
S20250380,2025-08-23,PG06,당뇨·대사,P029,대사케어정,정제,대사증후군,23600,D03,영남영업팀,영남,이준호,C040,울산의약품유통40,의약품도매상,울산,B,정상판매,병원영업,11,23600,0.03,251812,계좌이체,결제완료
S20250381,2025-12-05,PG03,호흡기계,P012,알레르컷정,정제,알레르기 비염,11600,D04,호남영업팀,호남,최유진,C022,울산약국22,약국,울산,A,정상판매,병원영업,17,11600,0.0,197200,계좌이체,결제완료
S20250382,2025-04-26,PG02,소화기계,P009,울세이프정,정제,위궤양,17600,D01,수도권병원1팀,수도권,김태현,C010,전남병원10,병원,전남,B,정상판매,병원영업,115,17600,0.05,1922800,외상거래,결제완료
S20250383,2025-03-16,PG04,감염질환,P017,아목시케어정,정제,세균성 감염,22900,D02,수도권병원2팀,수도권,박서연,C014,전북약국14,약국,전북,A,병원입찰,온라인,57,22900,0.18,1070346,계좌이체,결제완료
S20250384,2025-10-14,PG05,통증·염증,P024,아세트정,정제,발열·통증,7200,D05,충청영업팀,충청,정민수,C035,충북병원35,병원,충북,A,정상판매,도매,74,7200,0.03,516816,외상거래,결제완료
S20250385,2025-12-30,PG01,순환기계,P005,베타가드정,정제,협심증,19200,D07,온라인사업팀,전국,오세진,C047,강원메디컬센터47,종합병원,강원,A,정상판매,온라인,68,19200,0.0,1305600,계좌이체,결제완료
S20250386,2025-04-22,PG05,통증·염증,P025,뉴로패치,패치,신경병증성 통증,27600,D07,온라인사업팀,전국,오세진,C016,서울병원16,병원,서울,C,정상판매,병원영업,111,27600,0.05,2910420,계좌이체,결제완료
S20250387,2025-08-19,PG03,호흡기계,P013,코프릴시럽,시럽,기침,7900,D07,온라인사업팀,전국,오세진,C020,전남의원20,의원,전남,A,정상판매,병원영업,34,7900,0.0,268600,외상거래,미결제
S20250388,2025-06-15,PG02,소화기계,P007,가스트론캡슐,캡슐,역류성 식도염,14300,D04,호남영업팀,호남,최유진,C038,광주병원38,병원,광주,B,병원입찰,온라인,77,14300,0.12,968968,계좌이체,결제완료
S20250389,2025-07-04,PG02,소화기계,P008,모티리움정,정제,소화불량,8700,D07,온라인사업팀,전국,오세진,C022,울산약국22,약국,울산,A,정상판매,온라인,55,8700,0.03,464145,외상거래,결제완료
S20250390,2025-04-24,PG02,소화기계,P010,프로바이오캡슐,캡슐,장내균총 개선,22100,D05,충청영업팀,충청,정민수,C042,울산약국42,약국,울산,A,정상판매,온라인,31,22100,0.03,664547,계좌이체,결제완료
S20250391,2025-12-27,PG01,순환기계,P004,리피다운정 20mg,정제,고지혈증,28600,D01,수도권병원1팀,수도권,김태현,C020,전남의원20,의원,전남,A,병원입찰,도매,119,28600,0.08,3131128,외상거래,결제완료
S20250392,2025-06-20,PG02,소화기계,P008,모티리움정,정제,소화불량,8700,D07,온라인사업팀,전국,오세진,C036,강원의원36,의원,강원,A,정상판매,도매,89,8700,0.03,751071,계좌이체,결제완료
S20250393,2025-06-28,PG03,호흡기계,P015,브론코캡슐,캡슐,기관지염,18700,D04,호남영업팀,호남,최유진,C004,울산의약품유통04,의약품도매상,울산,B,프로모션,병원영업,76,18700,0.1,1279080,계좌이체,결제완료
S20250394,2025-09-14,PG02,소화기계,P008,모티리움정,정제,소화불량,8700,D05,충청영업팀,충청,정민수,C028,인천의약품유통28,의약품도매상,인천,B,정상판매,병원영업,94,8700,0.0,817800,계좌이체,결제완료
S20250395,2025-08-24,PG03,호흡기계,P012,알레르컷정,정제,알레르기 비염,11600,D03,영남영업팀,영남,이준호,C043,인천의원43,의원,인천,B,정상판매,온라인,109,11600,0.0,1264400,계좌이체,결제완료
S20250396,2025-07-03,PG01,순환기계,P004,리피다운정 20mg,정제,고지혈증,28600,D01,수도권병원1팀,수도권,김태현,C024,충북약국24,약국,충북,B,정상판매,도매,77,28600,0.03,2136134,법인카드,결제완료
S20250397,2025-09-21,PG06,당뇨·대사,P029,대사케어정,정제,대사증후군,23600,D02,수도권병원2팀,수도권,박서연,C011,대전의원11,의원,대전,A,프로모션,병원영업,83,23600,0.2,1567040,외상거래,결제완료
S20250398,2025-03-26,PG06,당뇨·대사,P030,글리세이프정,정제,제2형 당뇨,20700,D02,수도권병원2팀,수도권,박서연,C040,울산의약품유통40,의약품도매상,울산,B,정상판매,병원영업,24,20700,0.03,481896,법인카드,결제완료
S20250399,2025-04-03,PG05,통증·염증,P022,이부케어정,정제,염증성 통증,10400,D05,충청영업팀,충청,정민수,C003,대전병원03,병원,대전,B,정상판매,병원영업,113,10400,0.05,1116440,외상거래,결제완료
S20250400,2025-04-06,PG01,순환기계,P001,카디오프릴정 5mg,정제,고혈압,12500,D06,강원영업팀,강원,한지우,C043,인천의원43,의원,인천,B,병원입찰,병원영업,49,12500,0.08,563500,외상거래,부분결제
S20250401,2025-01-05,PG01,순환기계,P004,리피다운정 20mg,정제,고지혈증,28600,D01,수도권병원1팀,수도권,김태현,C012,서울의약품유통12,의약품도매상,서울,A,정상판매,도매,33,28600,0.0,943800,외상거래,결제완료
S20250402,2025-05-21,PG05,통증·염증,P025,뉴로패치,패치,신경병증성 통증,27600,D03,영남영업팀,영남,이준호,C047,강원메디컬센터47,종합병원,강원,A,정상판매,병원영업,65,27600,0.0,1794000,계좌이체,결제완료
S20250403,2025-10-05,PG06,당뇨·대사,P028,인슐로펜주,주사제,당뇨,42800,D01,수도권병원1팀,수도권,김태현,C022,울산약국22,약국,울산,A,병원입찰,온라인,29,42800,0.08,1141904,외상거래,결제완료
S20250404,2025-08-18,PG02,소화기계,P009,울세이프정,정제,위궤양,17600,D03,영남영업팀,영남,이준호,C020,전남의원20,의원,전남,A,병원입찰,도매,42,17600,0.12,650496,외상거래,결제완료
S20250405,2025-12-03,PG04,감염질환,P020,인펙트주,주사제,중증 감염,48500,D01,수도권병원1팀,수도권,김태현,C001,경기의원01,의원,경기,B,정상판매,도매,36,48500,0.0,1746000,외상거래,부분결제
S20250406,2025-04-05,PG04,감염질환,P020,인펙트주,주사제,중증 감염,48500,D04,호남영업팀,호남,최유진,C034,대구약국34,약국,대구,B,정상판매,병원영업,87,48500,0.03,4092915,계좌이체,결제완료
S20250407,2025-07-28,PG04,감염질환,P017,아목시케어정,정제,세균성 감염,22900,D05,충청영업팀,충청,정민수,C032,전남의약품유통32,의약품도매상,전남,B,정상판매,병원영업,106,22900,0.05,2306030,계좌이체,부분결제
S20250408,2025-01-28,PG01,순환기계,P003,리피다운정 10mg,정제,고지혈증,21400,D01,수도권병원1팀,수도권,김태현,C013,전북의원13,의원,전북,C,정상판매,도매,74,21400,0.0,1583600,계좌이체,결제완료
S20250409,2025-12-09,PG03,호흡기계,P015,브론코캡슐,캡슐,기관지염,18700,D03,영남영업팀,영남,이준호,C001,경기의원01,의원,경기,B,정상판매,병원영업,100,18700,0.03,1813900,법인카드,결제완료
S20250410,2025-07-26,PG05,통증·염증,P021,페인리스정,정제,급성 통증,9300,D07,온라인사업팀,전국,오세진,C047,강원메디컬센터47,종합병원,강원,A,정상판매,온라인,84,9300,0.0,781200,외상거래,미결제
S20250411,2025-08-24,PG01,순환기계,P004,리피다운정 20mg,정제,고지혈증,28600,D02,수도권병원2팀,수도권,박서연,C035,충북병원35,병원,충북,A,정상판매,병원영업,91,28600,0.0,2602600,외상거래,결제완료
S20250412,2025-05-30,PG04,감염질환,P020,인펙트주,주사제,중증 감염,48500,D03,영남영업팀,영남,이준호,C011,대전의원11,의원,대전,A,정상판매,병원영업,61,48500,0.0,2958500,법인카드,결제완료
S20250413,2025-11-15,PG01,순환기계,P001,카디오프릴정 5mg,정제,고혈압,12500,D03,영남영업팀,영남,이준호,C020,전남의원20,의원,전남,A,정상판매,병원영업,30,12500,0.03,363750,계좌이체,결제완료
S20250414,2025-10-23,PG06,당뇨·대사,P029,대사케어정,정제,대사증후군,23600,D01,수도권병원1팀,수도권,김태현,C007,충남의약품유통07,의약품도매상,충남,C,정상판매,온라인,43,23600,0.03,984356,계좌이체,결제완료
S20250415,2025-10-10,PG03,호흡기계,P012,알레르컷정,정제,알레르기 비염,11600,D06,강원영업팀,강원,한지우,C013,전북의원13,의원,전북,C,정상판매,도매,30,11600,0.03,337560,외상거래,부분결제
S20250416,2025-09-20,PG05,통증·염증,P024,아세트정,정제,발열·통증,7200,D07,온라인사업팀,전국,오세진,C035,충북병원35,병원,충북,A,정상판매,병원영업,11,7200,0.0,79200,법인카드,결제완료
S20250417,2025-11-27,PG03,호흡기계,P014,몬테케어정,정제,천식,24800,D03,영남영업팀,영남,이준호,C002,경남의원02,의원,경남,B,정상판매,도매,80,24800,0.0,1984000,외상거래,결제완료
S20250418,2025-05-09,PG01,순환기계,P001,카디오프릴정 5mg,정제,고혈압,12500,D05,충청영업팀,충청,정민수,C027,경기병원27,병원,경기,B,정상판매,병원영업,79,12500,0.03,957875,외상거래,결제완료
S20250419,2025-06-15,PG06,당뇨·대사,P027,글루코밸런스정,정제,제2형 당뇨,18400,D06,강원영업팀,강원,한지우,C023,전북메디컬센터23,종합병원,전북,B,정상판매,병원영업,40,18400,0.0,736000,계좌이체,결제완료
S20250420,2025-05-23,PG01,순환기계,P002,카디오프릴정 10mg,정제,고혈압,16800,D05,충청영업팀,충청,정민수,C004,울산의약품유통04,의약품도매상,울산,B,프로모션,병원영업,83,16800,0.2,1115520,계좌이체,미결제
S20250421,2025-03-14,PG01,순환기계,P002,카디오프릴정 10mg,정제,고혈압,16800,D07,온라인사업팀,전국,오세진,C035,충북병원35,병원,충북,A,정상판매,병원영업,5,16800,0.03,81480,법인카드,결제완료
S20250422,2025-04-20,PG02,소화기계,P009,울세이프정,정제,위궤양,17600,D05,충청영업팀,충청,정민수,C047,강원메디컬센터47,종합병원,강원,A,정상판매,도매,83,17600,0.05,1387760,외상거래,결제완료
S20250423,2025-12-05,PG06,당뇨·대사,P030,글리세이프정,정제,제2형 당뇨,20700,D03,영남영업팀,영남,이준호,C009,광주의원09,의원,광주,A,정상판매,병원영업,10,20700,0.05,196650,외상거래,미결제
S20250424,2025-11-29,PG02,소화기계,P009,울세이프정,정제,위궤양,17600,D06,강원영업팀,강원,한지우,C012,서울의약품유통12,의약품도매상,서울,A,프로모션,병원영업,76,17600,0.2,1070080,외상거래,결제완료
S20250425,2025-03-01,PG04,감염질환,P019,마크로신정,정제,호흡기 감염,29800,D07,온라인사업팀,전국,오세진,C024,충북약국24,약국,충북,B,반품,병원영업,-6,29800,0.0,-178800,법인카드,결제완료
S20250426,2025-09-10,PG03,호흡기계,P011,브레스온흡입액,흡입액,천식,35400,D02,수도권병원2팀,수도권,박서연,C047,강원메디컬센터47,종합병원,강원,A,정상판매,병원영업,29,35400,0.03,995802,외상거래,결제완료
S20250427,2025-03-10,PG05,통증·염증,P021,페인리스정,정제,급성 통증,9300,D01,수도권병원1팀,수도권,김태현,C002,경남의원02,의원,경남,B,정상판매,병원영업,28,9300,0.05,247380,외상거래,결제완료
S20250428,2025-07-11,PG06,당뇨·대사,P026,메트로민정,정제,제2형 당뇨,13200,D03,영남영업팀,영남,이준호,C023,전북메디컬센터23,종합병원,전북,B,정상판매,온라인,69,13200,0.05,865260,외상거래,결제완료
S20250429,2025-02-21,PG06,당뇨·대사,P028,인슐로펜주,주사제,당뇨,42800,D03,영남영업팀,영남,이준호,C046,광주의약품유통46,의약품도매상,광주,B,병원입찰,병원영업,61,42800,0.12,2297504,계좌이체,결제완료
S20250430,2025-07-30,PG02,소화기계,P006,가스트론정,정제,위염,9800,D05,충청영업팀,충청,정민수,C003,대전병원03,병원,대전,B,정상판매,도매,35,9800,0.05,325850,외상거래,결제완료
S20250431,2025-12-17,PG03,호흡기계,P015,브론코캡슐,캡슐,기관지염,18700,D01,수도권병원1팀,수도권,김태현,C035,충북병원35,병원,충북,A,반품,병원영업,-10,18700,0.0,-187000,법인카드,결제완료
S20250432,2025-11-12,PG02,소화기계,P010,프로바이오캡슐,캡슐,장내균총 개선,22100,D07,온라인사업팀,전국,오세진,C025,강원메디컬센터25,종합병원,강원,A,정상판매,도매,86,22100,0.0,1900600,계좌이체,결제완료
S20250433,2025-02-15,PG06,당뇨·대사,P029,대사케어정,정제,대사증후군,23600,D03,영남영업팀,영남,이준호,C048,서울약국48,약국,서울,B,정상판매,도매,52,23600,0.05,1165840,법인카드,결제완료
S20250434,2025-04-04,PG01,순환기계,P004,리피다운정 20mg,정제,고지혈증,28600,D07,온라인사업팀,전국,오세진,C038,광주병원38,병원,광주,B,정상판매,병원영업,62,28600,0.03,1720004,계좌이체,결제완료
S20250435,2025-08-29,PG02,소화기계,P007,가스트론캡슐,캡슐,역류성 식도염,14300,D02,수도권병원2팀,수도권,박서연,C049,경남약국49,약국,경남,B,정상판매,병원영업,72,14300,0.05,978120,법인카드,결제완료
S20250436,2025-11-13,PG06,당뇨·대사,P028,인슐로펜주,주사제,당뇨,42800,D01,수도권병원1팀,수도권,김태현,C048,서울약국48,약국,서울,B,정상판매,병원영업,49,42800,0.0,2097200,법인카드,결제완료
S20250437,2025-11-18,PG05,통증·염증,P024,아세트정,정제,발열·통증,7200,D03,영남영업팀,영남,이준호,C003,대전병원03,병원,대전,B,정상판매,온라인,21,7200,0.0,151200,법인카드,결제완료
S20250438,2025-05-24,PG06,당뇨·대사,P027,글루코밸런스정,정제,제2형 당뇨,18400,D07,온라인사업팀,전국,오세진,C029,광주의원29,의원,광주,A,정상판매,온라인,7,18400,0.05,122360,법인카드,결제완료
S20250439,2025-05-26,PG03,호흡기계,P012,알레르컷정,정제,알레르기 비염,11600,D02,수도권병원2팀,수도권,박서연,C029,광주의원29,의원,광주,A,정상판매,병원영업,85,11600,0.0,986000,법인카드,결제완료
S20250440,2025-11-27,PG02,소화기계,P006,가스트론정,정제,위염,9800,D05,충청영업팀,충청,정민수,C038,광주병원38,병원,광주,B,정상판매,도매,67,9800,0.0,656600,법인카드,결제완료
S20250441,2025-09-14,PG01,순환기계,P003,리피다운정 10mg,정제,고지혈증,21400,D01,수도권병원1팀,수도권,김태현,C043,인천의원43,의원,인천,B,프로모션,온라인,16,21400,0.15,291040,계좌이체,결제완료
S20250442,2025-12-12,PG03,호흡기계,P011,브레스온흡입액,흡입액,천식,35400,D05,충청영업팀,충청,정민수,C017,부산병원17,병원,부산,C,병원입찰,도매,38,35400,0.18,1103064,법인카드,결제완료
S20250443,2025-06-09,PG01,순환기계,P002,카디오프릴정 10mg,정제,고혈압,16800,D01,수도권병원1팀,수도권,김태현,C026,서울약국26,약국,서울,B,정상판매,병원영업,86,16800,0.05,1372560,외상거래,결제완료
S20250444,2025-01-01,PG03,호흡기계,P012,알레르컷정,정제,알레르기 비염,11600,D02,수도권병원2팀,수도권,박서연,C016,서울병원16,병원,서울,C,병원입찰,병원영업,60,11600,0.08,640320,계좌이체,결제완료
S20250445,2025-05-31,PG06,당뇨·대사,P026,메트로민정,정제,제2형 당뇨,13200,D04,호남영업팀,호남,최유진,C049,경남약국49,약국,경남,B,정상판매,도매,52,13200,0.05,652080,외상거래,결제완료
S20250446,2025-03-24,PG03,호흡기계,P013,코프릴시럽,시럽,기침,7900,D02,수도권병원2팀,수도권,박서연,C030,충북병원30,병원,충북,A,정상판매,도매,29,7900,0.05,217645,계좌이체,결제완료
S20250447,2025-01-31,PG05,통증·염증,P025,뉴로패치,패치,신경병증성 통증,27600,D04,호남영업팀,호남,최유진,C034,대구약국34,약국,대구,B,정상판매,병원영업,94,27600,0.05,2464680,법인카드,결제완료
S20250448,2025-07-17,PG03,호흡기계,P012,알레르컷정,정제,알레르기 비염,11600,D03,영남영업팀,영남,이준호,C011,대전의원11,의원,대전,A,정상판매,병원영업,6,11600,0.03,67512,법인카드,결제완료
S20250449,2025-07-07,PG01,순환기계,P004,리피다운정 20mg,정제,고지혈증,28600,D02,수도권병원2팀,수도권,박서연,C022,울산약국22,약국,울산,A,정상판매,도매,85,28600,0.0,2431000,외상거래,결제완료
S20250450,2025-04-05,PG02,소화기계,P007,가스트론캡슐,캡슐,역류성 식도염,14300,D01,수도권병원1팀,수도권,김태현,C037,경남병원37,병원,경남,A,정상판매,도매,94,14300,0.05,1276990,계좌이체,결제완료
S20250451,2025-12-07,PG04,감염질환,P020,인펙트주,주사제,중증 감염,48500,D05,충청영업팀,충청,정민수,C026,서울약국26,약국,서울,B,정상판매,도매,57,48500,0.03,2681565,계좌이체,결제완료
S20250452,2025-05-06,PG05,통증·염증,P023,조인트겔,겔,근육통,15800,D02,수도권병원2팀,수도권,박서연,C017,부산병원17,병원,부산,C,정상판매,도매,28,15800,0.05,420280,외상거래,부분결제
S20250453,2025-08-19,PG01,순환기계,P002,카디오프릴정 10mg,정제,고혈압,16800,D03,영남영업팀,영남,이준호,C045,경남약국45,약국,경남,A,프로모션,도매,27,16800,0.1,408240,계좌이체,결제완료
S20250454,2025-09-26,PG05,통증·염증,P022,이부케어정,정제,염증성 통증,10400,D04,호남영업팀,호남,최유진,C005,광주의원05,의원,광주,A,정상판매,도매,93,10400,0.03,938184,계좌이체,결제완료
S20250455,2025-10-20,PG02,소화기계,P008,모티리움정,정제,소화불량,8700,D01,수도권병원1팀,수도권,김태현,C047,강원메디컬센터47,종합병원,강원,A,정상판매,도매,84,8700,0.05,694260,외상거래,부분결제
S20250456,2025-06-17,PG03,호흡기계,P014,몬테케어정,정제,천식,24800,D07,온라인사업팀,전국,오세진,C020,전남의원20,의원,전남,A,정상판매,온라인,10,24800,0.03,240560,법인카드,결제완료
S20250457,2025-12-26,PG06,당뇨·대사,P027,글루코밸런스정,정제,제2형 당뇨,18400,D03,영남영업팀,영남,이준호,C004,울산의약품유통04,의약품도매상,울산,B,프로모션,도매,118,18400,0.2,1736960,법인카드,결제완료
S20250458,2025-07-27,PG03,호흡기계,P014,몬테케어정,정제,천식,24800,D03,영남영업팀,영남,이준호,C002,경남의원02,의원,경남,B,병원입찰,병원영업,109,24800,0.18,2216624,법인카드,미결제
S20250459,2025-06-06,PG03,호흡기계,P013,코프릴시럽,시럽,기침,7900,D04,호남영업팀,호남,최유진,C037,경남병원37,병원,경남,A,병원입찰,병원영업,18,7900,0.08,130824,계좌이체,결제완료
S20250460,2025-05-29,PG06,당뇨·대사,P027,글루코밸런스정,정제,제2형 당뇨,18400,D03,영남영업팀,영남,이준호,C004,울산의약품유통04,의약품도매상,울산,B,정상판매,병원영업,76,18400,0.03,1356448,법인카드,결제완료
S20250461,2025-09-18,PG06,당뇨·대사,P028,인슐로펜주,주사제,당뇨,42800,D07,온라인사업팀,전국,오세진,C006,광주약국06,약국,광주,B,프로모션,온라인,97,42800,0.2,3321280,법인카드,미결제
S20250462,2025-01-21,PG02,소화기계,P009,울세이프정,정제,위궤양,17600,D05,충청영업팀,충청,정민수,C040,울산의약품유통40,의약품도매상,울산,B,정상판매,도매,85,17600,0.0,1496000,계좌이체,결제완료
S20250463,2025-08-19,PG01,순환기계,P003,리피다운정 10mg,정제,고지혈증,21400,D03,영남영업팀,영남,이준호,C020,전남의원20,의원,전남,A,정상판매,병원영업,44,21400,0.05,894520,법인카드,결제완료
S20250464,2025-09-25,PG03,호흡기계,P014,몬테케어정,정제,천식,24800,D02,수도권병원2팀,수도권,박서연,C021,전북약국21,약국,전북,A,정상판매,도매,107,24800,0.0,2653600,계좌이체,결제완료
S20250465,2025-01-18,PG04,감염질환,P020,인펙트주,주사제,중증 감염,48500,D05,충청영업팀,충청,정민수,C003,대전병원03,병원,대전,B,정상판매,온라인,12,48500,0.03,564540,법인카드,결제완료
S20250466,2025-03-03,PG05,통증·염증,P025,뉴로패치,패치,신경병증성 통증,27600,D01,수도권병원1팀,수도권,김태현,C026,서울약국26,약국,서울,B,반품,병원영업,-2,27600,0.0,-55200,계좌이체,결제완료
S20250467,2025-04-04,PG06,당뇨·대사,P030,글리세이프정,정제,제2형 당뇨,20700,D02,수도권병원2팀,수도권,박서연,C013,전북의원13,의원,전북,C,정상판매,온라인,20,20700,0.03,401580,계좌이체,결제완료
S20250468,2025-08-21,PG05,통증·염증,P023,조인트겔,겔,근육통,15800,D03,영남영업팀,영남,이준호,C035,충북병원35,병원,충북,A,정상판매,병원영업,35,15800,0.03,536410,계좌이체,결제완료
S20250469,2025-11-29,PG02,소화기계,P009,울세이프정,정제,위궤양,17600,D07,온라인사업팀,전국,오세진,C034,대구약국34,약국,대구,B,정상판매,도매,11,17600,0.05,183920,계좌이체,미결제
S20250470,2025-04-04,PG01,순환기계,P004,리피다운정 20mg,정제,고지혈증,28600,D04,호남영업팀,호남,최유진,C037,경남병원37,병원,경남,A,프로모션,병원영업,39,28600,0.15,948090,외상거래,미결제
S20250471,2025-01-07,PG02,소화기계,P010,프로바이오캡슐,캡슐,장내균총 개선,22100,D07,온라인사업팀,전국,오세진,C036,강원의원36,의원,강원,A,정상판매,병원영업,75,22100,0.0,1657500,법인카드,결제완료
S20250472,2025-09-28,PG05,통증·염증,P021,페인리스정,정제,급성 통증,9300,D07,온라인사업팀,전국,오세진,C036,강원의원36,의원,강원,A,정상판매,온라인,31,9300,0.0,288300,계좌이체,미결제
S20250473,2025-08-19,PG02,소화기계,P006,가스트론정,정제,위염,9800,D07,온라인사업팀,전국,오세진,C018,충남의약품유통18,의약품도매상,충남,B,병원입찰,병원영업,66,9800,0.18,530376,법인카드,결제완료
S20250474,2025-10-29,PG03,호흡기계,P014,몬테케어정,정제,천식,24800,D04,호남영업팀,호남,최유진,C027,경기병원27,병원,경기,B,프로모션,병원영업,90,24800,0.15,1897200,계좌이체,미결제
S20250475,2025-01-04,PG04,감염질환,P017,아목시케어정,정제,세균성 감염,22900,D07,온라인사업팀,전국,오세진,C032,전남의약품유통32,의약품도매상,전남,B,정상판매,온라인,105,22900,0.05,2284275,계좌이체,미결제
S20250476,2025-08-28,PG03,호흡기계,P015,브론코캡슐,캡슐,기관지염,18700,D01,수도권병원1팀,수도권,김태현,C011,대전의원11,의원,대전,A,정상판매,병원영업,9,18700,0.03,163251,법인카드,결제완료
S20250477,2025-06-28,PG03,호흡기계,P012,알레르컷정,정제,알레르기 비염,11600,D07,온라인사업팀,전국,오세진,C023,전북메디컬센터23,종합병원,전북,B,프로모션,도매,48,11600,0.2,445440,외상거래,미결제
S20250478,2025-07-22,PG06,당뇨·대사,P027,글루코밸런스정,정제,제2형 당뇨,18400,D03,영남영업팀,영남,이준호,C033,경기의약품유통33,의약품도매상,경기,A,정상판매,병원영업,88,18400,0.03,1570624,외상거래,결제완료
S20250479,2025-05-11,PG06,당뇨·대사,P028,인슐로펜주,주사제,당뇨,42800,D04,호남영업팀,호남,최유진,C032,전남의약품유통32,의약품도매상,전남,B,정상판매,병원영업,63,42800,0.0,2696400,법인카드,결제완료
S20250480,2025-08-12,PG06,당뇨·대사,P029,대사케어정,정제,대사증후군,23600,D01,수도권병원1팀,수도권,김태현,C046,광주의약품유통46,의약품도매상,광주,B,정상판매,병원영업,118,23600,0.03,2701256,계좌이체,부분결제
S20250481,2025-06-30,PG06,당뇨·대사,P029,대사케어정,정제,대사증후군,23600,D05,충청영업팀,충청,정민수,C010,전남병원10,병원,전남,B,정상판매,병원영업,54,23600,0.05,1210680,외상거래,결제완료
S20250482,2025-09-11,PG04,감염질환,P018,퀴놀론정,정제,요로 감염,31500,D01,수도권병원1팀,수도권,김태현,C024,충북약국24,약국,충북,B,정상판매,도매,17,31500,0.05,508725,법인카드,결제완료
S20250483,2025-03-24,PG02,소화기계,P010,프로바이오캡슐,캡슐,장내균총 개선,22100,D03,영남영업팀,영남,이준호,C028,인천의약품유통28,의약품도매상,인천,B,정상판매,병원영업,61,22100,0.0,1348100,계좌이체,부분결제
S20250484,2025-10-04,PG01,순환기계,P002,카디오프릴정 10mg,정제,고혈압,16800,D03,영남영업팀,영남,이준호,C042,울산약국42,약국,울산,A,정상판매,온라인,76,16800,0.05,1212960,외상거래,결제완료
S20250485,2025-01-26,PG03,호흡기계,P013,코프릴시럽,시럽,기침,7900,D02,수도권병원2팀,수도권,박서연,C046,광주의약품유통46,의약품도매상,광주,B,정상판매,도매,11,7900,0.03,84293,법인카드,결제완료
S20250486,2025-06-10,PG02,소화기계,P010,프로바이오캡슐,캡슐,장내균총 개선,22100,D02,수도권병원2팀,수도권,박서연,C035,충북병원35,병원,충북,A,정상판매,병원영업,115,22100,0.03,2465255,외상거래,결제완료
S20250487,2025-05-19,PG04,감염질환,P018,퀴놀론정,정제,요로 감염,31500,D05,충청영업팀,충청,정민수,C040,울산의약품유통40,의약품도매상,울산,B,정상판매,병원영업,114,31500,0.03,3483270,법인카드,결제완료
S20250488,2025-03-22,PG01,순환기계,P003,리피다운정 10mg,정제,고지혈증,21400,D07,온라인사업팀,전국,오세진,C004,울산의약품유통04,의약품도매상,울산,B,병원입찰,온라인,100,21400,0.12,1883200,외상거래,결제완료
S20250489,2025-12-27,PG02,소화기계,P007,가스트론캡슐,캡슐,역류성 식도염,14300,D05,충청영업팀,충청,정민수,C019,경기메디컬센터19,종합병원,경기,B,정상판매,병원영업,56,14300,0.05,760760,외상거래,결제완료
S20250490,2025-11-16,PG04,감염질환,P020,인펙트주,주사제,중증 감염,48500,D05,충청영업팀,충청,정민수,C048,서울약국48,약국,서울,B,정상판매,온라인,101,48500,0.05,4653575,외상거래,결제완료
S20250491,2025-06-13,PG04,감염질환,P019,마크로신정,정제,호흡기 감염,29800,D02,수도권병원2팀,수도권,박서연,C013,전북의원13,의원,전북,C,프로모션,도매,59,29800,0.15,1494470,법인카드,결제완료
S20250492,2025-02-05,PG05,통증·염증,P022,이부케어정,정제,염증성 통증,10400,D03,영남영업팀,영남,이준호,C035,충북병원35,병원,충북,A,프로모션,도매,8,10400,0.1,74880,계좌이체,결제완료
S20250493,2025-04-01,PG02,소화기계,P009,울세이프정,정제,위궤양,17600,D02,수도권병원2팀,수도권,박서연,C012,서울의약품유통12,의약품도매상,서울,A,정상판매,병원영업,11,17600,0.05,183920,법인카드,결제완료
S20250494,2025-04-26,PG03,호흡기계,P015,브론코캡슐,캡슐,기관지염,18700,D05,충청영업팀,충청,정민수,C015,전북메디컬센터15,종합병원,전북,B,프로모션,병원영업,50,18700,0.1,841500,외상거래,결제완료
S20250495,2025-07-01,PG03,호흡기계,P015,브론코캡슐,캡슐,기관지염,18700,D01,수도권병원1팀,수도권,김태현,C008,부산의원08,의원,부산,C,정상판매,병원영업,107,18700,0.0,2000900,계좌이체,결제완료
S20250496,2025-06-07,PG06,당뇨·대사,P028,인슐로펜주,주사제,당뇨,42800,D04,호남영업팀,호남,최유진,C009,광주의원09,의원,광주,A,정상판매,도매,26,42800,0.05,1057160,외상거래,결제완료
S20250497,2025-10-03,PG02,소화기계,P006,가스트론정,정제,위염,9800,D03,영남영업팀,영남,이준호,C032,전남의약품유통32,의약품도매상,전남,B,정상판매,도매,103,9800,0.05,958930,외상거래,결제완료
S20250498,2025-11-16,PG01,순환기계,P003,리피다운정 10mg,정제,고지혈증,21400,D05,충청영업팀,충청,정민수,C027,경기병원27,병원,경기,B,프로모션,병원영업,91,21400,0.2,1557920,계좌이체,결제완료
S20250499,2025-09-27,PG01,순환기계,P003,리피다운정 10mg,정제,고지혈증,21400,D03,영남영업팀,영남,이준호,C022,울산약국22,약국,울산,A,정상판매,병원영업,11,21400,0.05,223630,계좌이체,결제완료
S20250500,2025-09-08,PG04,감염질환,P018,퀴놀론정,정제,요로 감염,31500,D04,호남영업팀,호남,최유진,C011,대전의원11,의원,대전,A,프로모션,병원영업,81,31500,0.1,2296350,법인카드,미결제
